"Date","Open","High","Low","Close","Adj Close","Volume"
"Apr 17 2018",21801.83,21889.89,21772.42,21847.59,21847.59,57400
"Apr 16 2018",21843.55,21879.69,21775.61,21835.53,21835.53,53400
"Apr 13 2018",21801.41,21917.35,21746.69,21778.74,21778.74,73100
"Apr 12 2018",21657.87,21719.43,21591.39,21660.28,21660.28,58400
"Apr 11 2018",21819.09,21837.36,21687.10,21687.10,21687.10,69500
"Apr 10 2018",21599.67,21933.99,21542.37,21794.32,21794.32,74700
"Apr 09 2018",21534.33,21737.09,21517.77,21678.26,21678.26,62100
"Apr 06 2018",21633.73,21742.84,21550.42,21567.52,21567.52,74400
"Apr 05 2018",21541.18,21737.66,21462.10,21645.42,21645.42,80700
"Apr 04 2018",21415.85,21415.85,21238.18,21319.55,21319.55,75600
"Apr 03 2018",21115.48,21333.50,21056.02,21292.29,21292.29,63800
"Apr 02 2018",21441.57,21597.47,21388.58,21388.58,21388.58,47500
"Mar 30 2018",21392.42,21512.80,21311.50,21454.30,21454.30,63600
"Mar 29 2018",21250.96,21298.57,20996.22,21159.08,21159.08,78900
"Mar 28 2018",20893.05,21031.31,20776.82,21031.31,21031.31,88100
"Mar 27 2018",20958.90,21317.32,20943.31,21317.32,21317.32,101900
"Mar 26 2018",20423.37,20766.10,20347.49,20766.10,20766.10,97500
"Mar 23 2018",21188.80,21188.80,20559.61,20617.86,20617.86,121000
"Mar 22 2018",21352.16,21592.00,21349.71,21591.99,21591.99,82600
"Mar 21 2018",,,,,,
"Mar 20 2018",21297.98,21384.86,21223.97,21380.97,21380.97,66500
"Mar 19 2018",21537.90,21659.04,21366.88,21480.90,21480.90,67300
"Mar 16 2018",21876.53,21879.28,21632.85,21676.51,21676.51,75700
"Mar 15 2018",21704.14,21825.97,21555.49,21803.95,21803.95,65300
"Mar 14 2018",21764.99,21881.09,21684.02,21777.29,21777.29,65000
"Mar 13 2018",21742.45,21968.10,21700.78,21968.10,21968.10,68100
"Mar 12 2018",21826.10,21971.16,21689.97,21824.03,21824.03,70600
"Mar 09 2018",21594.22,21884.45,21357.55,21469.20,21469.20,110500
"Mar 08 2018",21488.16,21488.16,21299.40,21368.07,21368.07,72100
"Mar 07 2018",21261.96,21484.08,21201.94,21252.72,21252.72,87000
"Mar 06 2018",21390.20,21551.14,21381.42,21417.76,21417.76,76400
"Mar 05 2018",21047.81,21164.38,20937.26,21042.09,21042.09,87200
"Mar 02 2018",21339.98,21366.09,21088.96,21181.64,21181.64,97100
"Mar 01 2018",21901.13,21901.13,21645.22,21724.47,21724.47,90300
"Feb 28 2018",22292.53,22380.28,22068.24,22068.24,22068.24,88800
"Feb 27 2018",22391.67,22502.05,22325.07,22389.86,22389.86,74300
"Feb 26 2018",22134.64,22226.53,22040.87,22153.63,22153.63,64600
"Feb 23 2018",21789.72,21903.39,21741.63,21892.78,21892.78,64600
"Feb 22 2018",21789.88,21799.40,21626.85,21736.44,21736.44,77300
"Feb 21 2018",21942.42,22130.58,21836.73,21970.81,21970.81,77900
"Feb 20 2018",22054.32,22063.87,21831.45,21925.10,21925.10,67500
"Feb 19 2018",21903.66,22152.85,21858.33,22149.21,22149.21,68500
"Feb 16 2018",21555.99,21866.37,21499.88,21720.25,21720.25,77800
"Feb 15 2018",21384.10,21578.99,21308.92,21464.98,21464.98,86400
"Feb 14 2018",21251.24,21371.01,20950.15,21154.17,21154.17,103900
"Feb 13 2018",21633.34,21679.20,21211.53,21244.68,21244.68,114700
"Feb 12 2018",,,,,,
"Feb 09 2018",21507.74,21510.30,21119.01,21382.62,21382.62,127600
"Feb 08 2018",21721.57,21977.03,21649.70,21890.86,21890.86,104700
"Feb 07 2018",22001.29,22353.87,21627.13,21645.37,21645.37,143500
"Feb 06 2018",22267.00,22277.45,21078.71,21610.24,21610.24,190100
"Feb 05 2018",22921.16,22967.69,22659.43,22682.08,22682.08,107600
"Feb 02 2018",23361.67,23367.96,23122.45,23274.53,23274.53,98600
"Feb 01 2018",23276.10,23492.77,23211.12,23486.11,23486.11,101800
"Jan 31 2018",23205.23,23375.38,23092.85,23098.29,23098.29,99800
"Jan 30 2018",23559.33,23581.98,23233.37,23291.97,23291.97,88800
"Jan 29 2018",23707.14,23787.23,23580.17,23629.34,23629.34,68800
"Jan 26 2018",23757.34,23797.96,23592.28,23631.88,23631.88,87200
"Jan 25 2018",23750.65,23828.40,23649.03,23669.49,23669.49,81500
"Jan 24 2018",24026.43,24072.77,23917.14,23940.78,23940.78,79900
"Jan 23 2018",23924.40,24129.34,23916.02,24124.15,24124.15,73400
"Jan 22 2018",23797.84,23816.33,23697.81,23816.33,23816.33,65200
"Jan 19 2018",23854.11,23872.69,23735.61,23808.06,23808.06,71800
"Jan 18 2018",24078.93,24084.42,23699.47,23763.37,23763.37,99400
"Jan 17 2018",23783.42,23891.63,23739.17,23868.34,23868.34,82200
"Jan 16 2018",23721.17,23962.07,23701.83,23951.81,23951.81,68500
"Jan 15 2018",23827.98,23833.27,23685.02,23714.88,23714.88,75400
"Jan 12 2018",23719.66,23743.05,23588.07,23653.82,23653.82,93700
"Jan 11 2018",23656.39,23734.97,23601.84,23710.43,23710.43,83700
"Jan 10 2018",23832.81,23864.76,23755.45,23788.20,23788.20,88800
"Jan 09 2018",23948.97,23952.61,23789.03,23849.99,23849.99,94100
"Jan 08 2018",,,,,,
"Jan 05 2018",23643.00,23730.47,23520.52,23714.53,23714.53,101900
"Jan 04 2018",23073.73,23506.33,23065.20,23506.33,23506.33,102200
"Jan 03 2018",,,,,,
"Jan 02 2018",,,,,,
"Jan 01 2018",,,,,,
"Dec 29 2017",22831.49,22881.21,22753.20,22764.94,22764.94,46500
"Dec 28 2017",22912.05,22954.45,22736.43,22783.98,22783.98,50300
"Dec 27 2017",22854.39,22936.16,22854.39,22911.21,22911.21,47200
"Dec 26 2017",22922.95,22950.15,22877.63,22892.69,22892.69,46400
"Dec 25 2017",22909.41,22948.83,22870.19,22939.18,22939.18,43100
"Dec 22 2017",22850.73,22908.84,22801.16,22902.76,22902.76,77800
"Dec 21 2017",22852.01,22894.95,22728.06,22866.10,22866.10,73000
"Dec 20 2017",22834.93,22923.50,22806.73,22891.72,22891.72,92400
"Dec 19 2017",22961.47,22990.42,22862.82,22868.00,22868.00,70500
"Dec 18 2017",22770.44,22927.50,22735.20,22901.77,22901.77,85200
"Dec 15 2017",22621.36,22745.09,22478.32,22553.22,22553.22,99400
"Dec 14 2017",22699.30,22786.61,22638.76,22694.45,22694.45,85100
"Dec 13 2017",22879.27,22879.37,22697.32,22758.07,22758.07,91400
"Dec 12 2017",22936.41,22994.33,22834.89,22866.17,22866.17,86100
"Dec 11 2017",22894.30,22938.73,22787.40,22938.73,22938.73,69500
"Dec 08 2017",22627.95,22819.71,22625.41,22811.08,22811.08,106900
"Dec 07 2017",22317.15,22515.24,22317.15,22498.03,22498.03,79500
"Dec 06 2017",22525.38,22528.21,22119.21,22177.04,22177.04,97300
"Dec 05 2017",22595.33,22682.71,22522.28,22622.38,22622.38,75900
"Dec 04 2017",22843.53,22864.33,22693.99,22707.16,22707.16,68900
"Dec 01 2017",22916.93,22994.31,22675.07,22819.03,22819.03,89700
"Nov 30 2017",22601.83,22748.32,22502.68,22724.96,22724.96,140700
"Nov 29 2017",22613.96,22643.93,22537.12,22597.20,22597.20,90700
"Nov 28 2017",22474.74,22580.99,22363.94,22486.24,22486.24,76800
"Nov 27 2017",22657.08,22659.33,22423.40,22495.99,22495.99,66600
"Nov 24 2017",22390.14,22567.20,22381.01,22550.85,22550.85,64800
"Nov 23 2017",,,,,,
"Nov 22 2017",22601.55,22677.34,22513.44,22523.15,22523.15,81100
"Nov 21 2017",22456.79,22563.25,22416.48,22416.48,22416.48,76100
"Nov 20 2017",22279.98,22410.24,22215.07,22261.76,22261.76,71700
"Nov 17 2017",22603.30,22757.40,22319.12,22396.80,22396.80,113700
"Nov 16 2017",21975.23,22392.13,21972.34,22351.12,22351.12,96600
"Nov 15 2017",22250.98,22305.24,22004.79,22028.32,22028.32,120600
"Nov 14 2017",22342.93,22532.30,22323.24,22380.01,22380.01,95900
"Nov 13 2017",22607.56,22607.92,22380.99,22380.99,22380.99,80700
"Nov 10 2017",22580.70,22724.39,22511.93,22681.42,22681.42,106600
"Nov 09 2017",22989.44,23382.15,22522.83,22868.71,22868.71,160400
"Nov 08 2017",22849.91,22922.80,22759.07,22913.82,22913.82,100200
"Nov 07 2017",22518.75,22953.18,22512.91,22937.60,22937.60,107800
"Nov 06 2017",22612.96,22644.68,22435.34,22548.35,22548.35,111900
"Nov 03 2017",22512.18,22540.25,22400.01,22539.12,22539.12,-
"Nov 02 2017",22512.18,22540.25,22400.01,22539.12,22539.12,105700
"Nov 01 2017",22144.92,22455.92,22130.03,22420.08,22420.08,112600
"Oct 31 2017",21897.29,22020.38,21840.07,22011.61,22011.61,102400
"Oct 30 2017",22047.95,22086.88,21921.24,22011.67,22011.67,135600
"Oct 27 2017",21903.27,22016.50,21815.72,22008.45,22008.45,120400
"Oct 26 2017",21698.95,21793.62,21688.56,21739.78,21739.78,82600
"Oct 25 2017",21900.13,21921.36,21648.35,21707.62,21707.62,122000
"Oct 24 2017",21670.00,21805.17,21646.52,21805.17,21805.17,88200
"Oct 23 2017",21709.30,21723.60,21614.51,21696.65,21696.65,87400
"Oct 20 2017",21390.95,21489.26,21363.10,21457.64,21457.64,85700
"Oct 19 2017",21450.04,21503.85,21381.52,21448.52,21448.52,84600
"Oct 18 2017",21374.66,21402.76,21317.67,21363.05,21363.05,72700
"Oct 17 2017",21352.17,21393.96,21230.67,21336.12,21336.12,92400
"Oct 16 2017",21221.27,21347.07,21187.93,21255.56,21255.56,102300
"Oct 13 2017",20959.66,21211.29,20933.00,21155.18,21155.18,110500
"Oct 12 2017",20958.18,20994.40,20917.04,20954.72,20954.72,80400
"Oct 11 2017",20803.71,20898.41,20788.12,20881.27,20881.27,80200
"Oct 10 2017",20680.54,20823.66,20663.08,20823.51,20823.51,78300
"Oct 09 2017",,,,,,
"Oct 06 2017",20716.85,20721.15,20659.15,20690.71,20690.71,75900
"Oct 05 2017",20650.71,20667.47,20602.26,20628.56,20628.56,57300
"Oct 04 2017",20660.81,20689.08,20592.18,20626.66,20626.66,73500
"Oct 03 2017",20475.25,20628.38,20438.17,20614.07,20614.07,72800
"Oct 02 2017",20400.51,20411.33,20363.28,20400.78,20400.78,67600
"Sep 29 2017",20315.34,20370.33,20285.06,20356.28,20356.28,85100
"Sep 28 2017",20398.63,20399.87,20299.68,20363.11,20363.11,84000
"Sep 27 2017",20269.82,20278.09,20213.66,20267.05,20267.05,63600
"Sep 26 2017",20349.26,20385.50,20303.98,20330.19,20330.19,95000
"Sep 25 2017",20439.43,20454.29,20367.03,20397.58,20397.58,82800
"Sep 22 2017",20413.61,20417.07,20249.24,20296.45,20296.45,95400
"Sep 21 2017",20456.50,20481.27,20332.69,20347.48,20347.48,115900
"Sep 20 2017",20301.33,20339.37,20272.82,20310.46,20310.46,100400
"Sep 19 2017",20128.18,20320.78,20122.00,20299.38,20299.38,120900
"Sep 18 2017",,,,,,
"Sep 15 2017",19793.80,19933.40,19787.65,19909.50,19909.50,111900
"Sep 14 2017",19860.37,19918.39,19793.85,19807.44,19807.44,93700
"Sep 13 2017",19873.69,19888.84,19845.02,19865.82,19865.82,84500
"Sep 12 2017",19736.14,19792.06,19718.80,19776.62,19776.62,89900
"Sep 11 2017",19441.39,19567.03,19437.14,19545.77,19545.77,78700
"Sep 08 2017",19297.96,19357.49,19239.52,19274.82,19274.82,106600
"Sep 07 2017",19433.44,19482.72,19365.75,19396.52,19396.52,81900
"Sep 06 2017",19286.06,19371.38,19254.67,19357.97,19357.97,88500
"Sep 05 2017",19533.38,19542.78,19354.59,19385.81,19385.81,77600
"Sep 04 2017",19615.96,19628.40,19479.40,19508.25,19508.25,71700
"Sep 01 2017",19733.57,19735.96,19620.07,19691.47,19691.47,79400
"Aug 31 2017",19591.32,19687.99,19583.11,19646.24,19646.24,97900
"Aug 30 2017",19480.98,19538.23,19435.10,19506.54,19506.54,91800
"Aug 29 2017",19319.11,19371.90,19280.02,19362.55,19362.55,75000
"Aug 28 2017",19502.23,19535.50,19420.50,19449.90,19449.90,69500
"Aug 25 2017",19401.12,19485.97,19384.37,19452.61,19452.61,70700
"Aug 24 2017",19366.36,19428.55,19351.92,19353.77,19353.77,75400
"Aug 23 2017",19547.05,19561.32,19408.47,19434.64,19434.64,78500
"Aug 22 2017",19373.11,19437.25,19361.95,19383.84,19383.84,70500
"Aug 21 2017",19509.53,19509.53,19365.65,19393.13,19393.13,75300
"Aug 18 2017",19471.27,19543.13,19433.09,19470.41,19470.41,95700
"Aug 17 2017",19707.75,19739.04,19679.37,19702.63,19702.63,71900
"Aug 16 2017",19750.55,19776.86,19719.08,19729.28,19729.28,69400
"Aug 15 2017",19689.38,19824.12,19656.91,19753.31,19753.31,90300
"Aug 14 2017",19545.58,19598.41,19486.48,19537.10,19537.10,108300
"Aug 11 2017",,,,,,
"Aug 10 2017",19792.45,19829.88,19685.83,19729.74,19729.74,104200
"Aug 09 2017",19928.96,19945.28,19660.22,19738.71,19738.71,104400
"Aug 08 2017",20062.65,20076.80,19970.57,19996.01,19996.01,80400
"Aug 07 2017",20059.29,20085.90,20037.40,20055.89,20055.89,75300
"Aug 04 2017",19949.79,19984.51,19933.59,19952.33,19952.33,76500
"Aug 03 2017",20066.00,20070.16,19985.40,20029.26,20029.26,89300
"Aug 02 2017",20057.07,20113.73,20022.05,20080.04,20080.04,95600
"Aug 01 2017",19907.08,20000.46,19904.72,19985.79,19985.79,110100
"Jul 31 2017",19933.45,19983.90,19891.90,19925.18,19925.18,140300
"Jul 28 2017",20048.46,20056.16,19926.60,19959.84,19959.84,108500
"Jul 27 2017",20026.58,20176.39,20005.20,20079.64,20079.64,89900
"Jul 26 2017",20098.14,20116.00,20016.58,20050.16,20050.16,85500
"Jul 25 2017",19979.56,20036.31,19941.61,19955.20,19955.20,70100
"Jul 24 2017",19973.67,20002.54,19901.88,19975.67,19975.67,81300
"Jul 21 2017",20089.86,20135.33,20081.91,20099.75,20099.75,78700
"Jul 20 2017",20046.90,20157.11,20032.23,20144.59,20144.59,80800
"Jul 19 2017",19970.78,20032.46,19947.26,20020.86,20020.86,81200
"Jul 18 2017",20074.41,20081.29,19943.14,19999.91,19999.91,93400
"Jul 17 2017",,,,,,
"Jul 14 2017",20157.92,20163.67,20101.71,20118.86,20118.86,83100
"Jul 13 2017",20177.28,20183.80,20062.27,20099.81,20099.81,90500
"Jul 12 2017",20137.22,20153.04,20061.16,20098.38,20098.38,81400
"Jul 11 2017",20073.86,20200.88,20070.67,20195.48,20195.48,77300
"Jul 10 2017",20070.44,20127.76,20023.03,20080.98,20080.98,85700
"Jul 07 2017",19856.65,19979.93,19856.65,19929.09,19929.09,91900
"Jul 06 2017",20061.68,20078.88,19947.63,19994.06,19994.06,92700
"Jul 05 2017",20015.07,20087.01,19888.90,20081.63,20081.63,94600
"Jul 04 2017",20192.27,20197.16,19971.53,20032.35,20032.35,100300
"Jul 03 2017",20056.32,20096.14,20030.61,20055.80,20055.80,83400
"Jun 30 2017",20025.63,20044.01,19946.51,20033.43,20033.43,116600
"Jun 29 2017",20260.87,20266.59,20197.38,20220.30,20220.30,118800
"Jun 28 2017",20149.20,20224.30,20110.49,20130.41,20130.41,115500
"Jun 27 2017",20229.12,20250.10,20185.19,20225.09,20225.09,90300
"Jun 26 2017",20132.81,20196.38,20119.04,20153.35,20153.35,77000
"Jun 23 2017",20152.58,20152.58,20089.54,20132.67,20132.67,80500
"Jun 22 2017",20154.38,20191.42,20107.89,20110.51,20110.51,84600
"Jun 21 2017",20192.16,20215.11,20117.79,20138.79,20138.79,94900
"Jun 20 2017",20234.12,20318.11,20227.29,20230.41,20230.41,99300
"Jun 19 2017",19974.30,20087.71,19949.88,20067.75,20067.75,79700
"Jun 16 2017",19931.15,20015.16,19884.80,19943.26,19943.26,135300
"Jun 15 2017",19815.54,19963.36,19755.34,19831.82,19831.82,107000
"Jun 14 2017",19974.56,20009.93,19879.60,19883.52,19883.52,92900
"Jun 13 2017",19859.81,19929.03,19850.86,19898.75,19898.75,97200
"Jun 12 2017",19920.77,19949.07,19837.64,19908.58,19908.58,112100
"Jun 09 2017",19953.06,20096.01,19927.07,20013.26,20013.26,145300
"Jun 08 2017",20048.28,20061.22,19896.35,19909.26,19909.26,125300
"Jun 07 2017",19951.68,20023.24,19908.07,19984.62,19984.62,99200
"Jun 06 2017",20122.26,20152.95,19948.02,19979.90,19979.90,102000
"Jun 05 2017",20135.42,20224.54,20104.13,20170.82,20170.82,99100
"Jun 02 2017",19970.23,20239.81,19967.00,20177.28,20177.28,150400
"Jun 01 2017",19692.16,19887.66,19686.32,19860.03,19860.03,103500
"May 31 2017",19630.33,19673.51,19589.25,19650.57,19650.57,125100
"May 30 2017",19681.11,19691.44,19570.13,19677.85,19677.85,72600
"May 29 2017",19697.18,19736.62,19627.19,19682.57,19682.57,67300
"May 26 2017",19798.49,19801.59,19686.49,19686.84,19686.84,84500
"May 25 2017",19737.21,19850.93,19720.12,19813.13,19813.13,95100
"May 24 2017",19777.56,19782.81,19690.10,19742.98,19742.98,101300
"May 23 2017",19647.74,19693.02,19585.54,19613.28,19613.28,83400
"May 22 2017",19670.48,19722.93,19618.73,19678.28,19678.28,78500
"May 19 2017",19591.41,19628.64,19497.29,19590.76,19590.76,115600
"May 18 2017",19556.99,19601.53,19449.73,19553.86,19553.86,135700
"May 17 2017",19806.78,19842.78,19764.63,19814.88,19814.88,118100
"May 16 2017",19953.06,19998.49,19862.41,19919.82,19919.82,131100
"May 15 2017",19753.46,19869.85,19740.63,19869.85,19869.85,128300
"May 12 2017",19941.64,19941.64,19809.91,19883.90,19883.90,136800
"May 11 2017",19943.95,19989.94,19906.35,19961.55,19961.55,136400
"May 10 2017",19890.56,19938.53,19866.30,19900.09,19900.09,129000
"May 09 2017",19915.64,19917.45,19838.71,19843.00,19843.00,123500
"May 08 2017",19709.01,19929.48,19705.13,19895.70,19895.70,148700
"May 02 2017",19335.72,19464.30,19335.02,19445.70,19445.70,112700
"May 01 2017",19154.03,19311.21,19144.62,19310.52,19310.52,106500
"Apr 28 2017",19240.65,19264.57,19164.68,19196.74,19196.74,117800
"Apr 27 2017",19205.59,19281.70,19199.59,19251.87,19251.87,116700
"Apr 26 2017",19184.92,19289.43,19170.86,19289.43,19289.43,129400
"Apr 25 2017",18872.56,19109.76,18867.19,19079.33,19079.33,118000
"Apr 24 2017",18890.38,18910.33,18840.13,18875.88,18875.88,98100
"Apr 21 2017",18591.82,18648.28,18542.42,18620.75,18620.75,113200
"Apr 20 2017",18446.39,18523.40,18420.82,18430.49,18430.49,116900
"Apr 19 2017",18327.33,18467.73,18327.33,18432.20,18432.20,120800
"Apr 18 2017",18497.38,18547.46,18362.73,18418.59,18418.59,93300
"Apr 17 2017",18239.84,18361.44,18224.68,18355.26,18355.26,
"Apr 14 2017",18531.91,18531.91,18285.73,18335.63,18335.63,
"Apr 13 2017",18391.72,18455.25,18304.72,18426.84,18426.84,123700
"Apr 12 2017",18592.10,18602.50,18460.59,18552.61,18552.61,116300
"Apr 11 2017",18717.55,18767.70,18661.86,18747.87,18747.87,105100
"Apr 10 2017",18800.22,18850.80,18762.70,18797.88,18797.88,111300
"Apr 07 2017",18714.98,18785.73,18517.43,18664.63,18664.63,161600
"Apr 06 2017",18754.37,18797.44,18532.65,18597.06,18597.06,133600
"Apr 05 2017",18900.70,18941.94,18773.94,18861.27,18861.27,121600
"Apr 04 2017",18933.82,18947.33,18703.63,18810.25,18810.25,146900
"Apr 03 2017",18988.00,19068.62,18920.52,18983.23,18983.23,134200
"Mar 31 2017",19170.42,19210.92,18909.26,18909.26,18909.26,149200
"Mar 30 2017",19150.82,19218.08,19043.48,19063.22,19063.22,124500
"Mar 29 2017",19216.78,19251.30,19164.61,19217.48,19217.48,115100
"Mar 28 2017",19159.07,19203.64,19113.44,19202.87,19202.87,122300
"Mar 27 2017",18985.59,18985.59,18985.59,18985.59,18985.59,120800
"Mar 24 2017",19066.35,19296.05,19060.64,19262.53,19262.53,127700
"Mar 23 2017",19048.84,19105.11,18973.75,19085.31,19085.31,121000
"Mar 22 2017",19146.62,19183.27,19026.53,19041.38,19041.38,136600
"Mar 21 2017",19416.55,19485.14,19337.22,19455.88,19455.88,101700
"Mar 17 2017",19510.89,19547.51,19487.92,19521.59,19521.59,137100
"Mar 16 2017",19458.70,19618.99,19454.17,19590.14,19590.14,122500
"Mar 15 2017",19528.75,19581.53,19503.74,19577.38,19577.38,115700
"Mar 14 2017",19634.29,19637.55,19599.62,19609.50,19609.50,123300
"Mar 13 2017",19545.74,19656.48,19531.51,19633.75,19633.75,92600
"Mar 10 2017",19444.71,19623.72,19427.81,19604.61,19604.61,155300
"Mar 09 2017",19343.06,19350.20,19262.98,19318.58,19318.58,101100
"Mar 08 2017",19308.53,19326.40,19198.78,19254.03,19254.03,103200
"Mar 07 2017",19337.19,19375.09,19317.10,19344.15,19344.15,98800
"Mar 06 2017",19409.18,19411.54,19340.32,19379.14,19379.14,88000
"Mar 03 2017",19551.34,19587.79,19392.75,19469.17,19469.17,111000
"Mar 02 2017",19624.82,19668.01,19564.80,19564.80,19564.80,146200
"Mar 01 2017",19226.94,19414.55,19164.62,19393.54,19393.54,132300
"Feb 28 2017",19194.68,19267.99,19118.99,19118.99,19118.99,132900
"Feb 27 2017",19130.51,19178.99,18995.55,19107.47,19107.47,124200
"Feb 24 2017",19232.11,19381.10,19219.58,19283.54,19283.54,148900
"Feb 23 2017",19379.92,19379.92,19262.63,19371.46,19371.46,140800
"Feb 22 2017",19419.22,19419.22,19329.28,19379.87,19379.87,156700
"Feb 21 2017",19267.87,19395.35,19261.98,19381.44,19381.44,100700
"Feb 20 2017",19161.33,19274.75,19115.11,19251.08,19251.08,98900
"Feb 17 2017",19228.74,19275.39,19173.53,19234.62,19234.62,143600
"Feb 16 2017",19431.61,19431.61,19260.24,19347.53,19347.53,137800
"Feb 15 2017",19438.81,19495.62,19420.00,19437.98,19437.98,142800
"Feb 14 2017",19478.86,19501.01,19232.85,19238.98,19238.98,142800
"Feb 13 2017",19513.78,19519.44,19418.18,19459.15,19459.15,117900
"Feb 10 2017",19216.74,19395.99,19193.57,19378.93,19378.93,149400
"Feb 09 2017",18942.04,18991.23,18874.91,18907.67,18907.67,130500
"Feb 08 2017",18951.16,19009.24,18875.57,19007.60,19007.60,102900
"Feb 07 2017",18844.12,18970.58,18805.32,18910.78,18910.78,106100
"Feb 06 2017",19069.72,19075.57,18899.40,18976.71,18976.71,120500
"Feb 03 2017",18996.74,19061.26,18830.89,18918.20,18918.20,140900
"Feb 02 2017",19152.79,19170.63,18866.80,18914.58,18914.58,136500
"Feb 01 2017",18926.97,19155.79,18916.18,19148.08,19148.08,131500
"Jan 31 2017",19145.35,19199.75,19041.34,19041.34,19041.34,133900
"Jan 30 2017",19371.28,19390.97,19295.80,19368.85,19368.85,97800
"Jan 27 2017",19453.51,19486.68,19404.13,19467.40,19467.40,134600
"Jan 26 2017",19260.67,19405.23,19232.46,19402.39,19402.39,145200
"Jan 25 2017",19091.23,19133.18,18987.45,19057.50,19057.50,125400
"Jan 24 2017",18817.42,18915.70,18783.16,18787.99,18787.99,131500
"Jan 23 2017",18938.45,19024.21,18879.68,18891.03,18891.03,124800
"Jan 20 2017",19059.15,19176.86,19040.20,19137.91,19137.91,125800
"Jan 19 2017",19082.83,19122.39,18982.13,19072.25,19072.25,170600
"Jan 18 2017",18753.96,18941.24,18650.33,18894.37,18894.37,119100
"Jan 17 2017",19038.45,19043.91,18812.86,18813.53,18813.53,119100
"Jan 16 2017",19219.13,19255.41,19061.27,19095.24,19095.24,119100
"Jan 13 2017",19174.97,19299.36,19156.93,19287.28,19287.28,119100
"Jan 12 2017",19300.19,19300.19,19069.02,19134.70,19134.70,119100
"Jan 11 2017",19358.64,19402.17,19325.46,19364.67,19364.67,119100
"Jan 10 2017",19414.83,19484.90,19255.35,19301.44,19301.44,119100
"Jan 06 2017",19393.55,19472.37,19354.44,19454.33,19454.33,119100
"Jan 05 2017",19602.10,19615.40,19473.28,19520.69,19520.69,134500
"Jan 04 2017",19298.68,19594.16,19277.93,19594.16,19594.16,163500
"Dec 30 2016",18997.68,19176.81,18991.59,19114.37,19114.37,117800
"Dec 29 2016",19301.04,19301.04,19092.22,19145.14,19145.14,163500
"Dec 28 2016",19392.11,19442.13,19364.73,19401.72,19401.72,77700
"Dec 27 2016",19353.43,19478.58,19352.06,19403.06,19403.06,110200
"Dec 26 2016",19394.41,19432.48,19385.94,19396.64,19396.64,85500
"Dec 22 2016",19396.85,19427.67,19327.51,19427.67,19427.67,113500
"Dec 21 2016",19547.28,19592.90,19375.19,19444.49,19444.49,130300
"Dec 20 2016",19367.84,19511.20,19356.81,19494.53,19494.53,119600
"Dec 19 2016",19345.84,19399.26,19307.14,19391.60,19391.60,106000
"Dec 16 2016",19438.39,19439.97,19360.36,19401.15,19401.15,148700
"Dec 15 2016",19327.70,19436.90,19192.60,19273.79,19273.79,154600
"Dec 14 2016",19270.01,19284.28,19184.75,19253.61,19253.61,133200
"Dec 13 2016",19120.76,19253.51,19060.72,19250.52,19250.52,147600
"Dec 12 2016",19183.82,19280.93,19054.00,19155.03,19155.03,200600
"Dec 09 2016",18839.98,19042.48,18821.41,18996.37,18996.37,212300
"Dec 08 2016",18674.19,18765.47,18614.01,18765.47,18765.47,187400
"Dec 07 2016",18434.54,18502.47,18410.88,18496.69,18496.69,151700
"Dec 06 2016",18457.20,18484.80,18318.99,18360.54,18360.54,158800
"Dec 05 2016",18349.92,18365.74,18227.39,18274.99,18274.99,134500
"Dec 02 2016",18435.55,18469.68,18315.38,18426.08,18426.08,197200
"Dec 01 2016",18535.24,18746.28,18469.27,18513.12,18513.12,188000
"Nov 30 2016",18356.03,18370.31,18280.66,18308.48,18308.48,164700
"Nov 29 2016",18263.63,18327.51,18258.82,18307.04,18307.04,125600
"Nov 28 2016",18302.58,18374.93,18222.82,18356.89,18356.89,145000
"Nov 25 2016",18387.59,18482.94,18288.50,18381.22,18381.22,164900
"Nov 24 2016",18329.78,18382.72,18310.31,18333.41,18333.41,149400
"Nov 22 2016",18091.05,18175.63,18050.55,18162.94,18162.94,121900
"Nov 21 2016",18038.09,18129.03,18007.79,18106.02,18106.02,135700
"Nov 18 2016",18024.21,18043.72,17967.41,17967.41,17967.41,166800
"Nov 17 2016",17766.61,17884.06,17764.08,17862.63,17862.63,161100
"Nov 16 2016",17832.51,17886.44,17807.47,17862.21,17862.21,200300
"Nov 15 2016",17690.22,17727.58,17605.77,17668.15,17668.15,173200
"Nov 14 2016",17467.49,17697.33,17455.78,17672.62,17672.62,165300
"Nov 11 2016",17526.61,17621.73,17333.49,17374.79,17374.79,249300
"Nov 10 2016",16562.86,17393.82,16560.66,17344.42,17344.42,229400
"Nov 09 2016",17281.95,17427.71,16111.81,16251.54,16251.54,274900
"Nov 08 2016",17242.70,17247.04,17130.83,17171.38,17171.38,103100
"Nov 07 2016",17126.03,17186.89,17056.84,17177.21,17177.21,113000
"Nov 04 2016",16964.50,16996.09,16801.98,16905.36,16905.36,134800
"Nov 02 2016",17238.00,17283.60,17080.59,17134.68,17134.68,135200
"Nov 01 2016",17380.54,17473.12,17339.64,17442.40,17442.40,123000
"Oct 31 2016",17360.89,17433.13,17327.62,17425.02,17425.02,157200
"Oct 28 2016",17448.25,17461.03,17406.72,17446.41,17446.41,167900
"Oct 27 2016",17346.39,17414.21,17278.12,17336.42,17336.42,107600
"Oct 26 2016",17329.03,17391.84,17295.46,17391.84,17391.84,98100
"Oct 25 2016",17298.63,17381.80,17298.63,17365.25,17365.25,108400
"Oct 24 2016",17216.56,17244.74,17162.21,17234.42,17234.42,87700
"Oct 21 2016",17283.75,17288.89,17151.98,17184.59,17184.59,114200
"Oct 20 2016",16999.36,17235.50,16992.14,17235.50,17235.50,112400
"Oct 19 2016",16952.91,17016.66,16938.46,16998.91,16998.91,101700
"Oct 18 2016",16862.31,16966.90,16844.17,16963.61,16963.61,98600
"Oct 17 2016",16871.84,16954.44,16821.49,16900.12,16900.12,95100
"Oct 14 2016",16751.04,16866.56,16727.78,16856.37,16856.37,109400
"Oct 13 2016",16923.82,16974.25,16739.73,16774.24,16774.24,111100
"Oct 12 2016",16850.73,16951.54,16839.41,16840.00,16840.00,116300
"Oct 11 2016",16936.31,17074.46,16931.12,17024.76,17024.76,111600
"Oct 07 2016",16883.12,16895.13,16820.21,16860.09,16860.09,100300
"Oct 06 2016",16913.60,16971.28,16888.77,16899.10,16899.10,110600
"Oct 05 2016",16787.89,16844.35,16728.19,16819.24,16819.24,115100
"Oct 04 2016",16661.51,16747.20,16637.82,16735.65,16735.65,100300
"Oct 03 2016",16566.03,16652.16,16554.83,16598.67,16598.67,99200
"Sep 30 2016",16474.45,16497.55,16407.78,16449.84,16449.84,124400
"Sep 29 2016",16606.30,16756.43,16584.14,16693.71,16693.71,122700
"Sep 28 2016",16504.99,16515.84,16385.03,16465.40,16465.40,112200
"Sep 27 2016",16390.91,16683.93,16285.41,16683.93,16683.93,157100
"Sep 26 2016",16707.45,16707.45,16514.93,16544.56,16544.56,102900
"Sep 23 2016",16759.84,16808.59,16725.53,16754.02,16754.02,138000
"Sep 21 2016",16471.85,16823.63,16399.65,16807.62,16807.62,191100
"Sep 20 2016",16403.22,16591.70,16403.22,16492.15,16492.15,121500
"Sep 16 2016",16458.74,16532.84,16415.86,16519.29,16519.29,127100
"Sep 15 2016",16512.42,16528.02,16359.78,16405.01,16405.01,117800
"Sep 14 2016",16632.06,16706.61,16585.80,16614.24,16614.24,116300
"Sep 13 2016",16764.65,16787.06,16658.40,16729.04,16729.04,98200
"Sep 12 2016",16748.36,16802.00,16601.54,16672.92,16672.92,112800
"Sep 09 2016",16994.37,17029.78,16902.09,16965.76,16965.76,123900
"Sep 08 2016",16984.00,17001.84,16836.65,16958.77,16958.77,111300
"Sep 07 2016",16937.38,17024.26,16903.20,17012.44,17012.44,132500
"Sep 06 2016",17035.03,17097.59,17022.64,17081.98,17081.98,108300
"Sep 05 2016",17131.52,17156.36,17009.21,17037.63,17037.63,127400
"Sep 02 2016",16903.78,16946.49,16848.12,16925.68,16925.68,116200
"Sep 01 2016",16885.16,16941.18,16864.56,16926.84,16926.84,131500
"Aug 31 2016",16857.83,16917.86,16836.96,16887.40,16887.40,150300
"Aug 30 2016",16690.98,16752.16,16677.85,16725.36,16725.36,103700
"Aug 29 2016",16631.06,16764.64,16616.65,16737.49,16737.49,113900
"Aug 26 2016",16485.55,16490.53,16320.43,16360.71,16360.71,104600
"Aug 25 2016",16580.15,16628.79,16520.84,16555.95,16555.95,92900
"Aug 24 2016",16550.21,16648.07,16544.39,16597.30,16597.30,91100
"Aug 23 2016",16549.82,16663.64,16452.01,16497.36,16497.36,107600
"Aug 22 2016",16599.26,16631.23,16540.94,16598.19,16598.19,95300
"Aug 19 2016",16558.38,16613.04,16452.62,16545.82,16545.82,121900
"Aug 18 2016",16649.91,16714.61,16481.41,16486.01,16486.01,130400
"Aug 17 2016",16596.26,16772.11,16596.26,16745.64,16745.64,117400
"Aug 16 2016",16878.66,16887.57,16596.51,16596.51,16596.51,110000
"Aug 15 2016",16866.89,16932.11,16844.58,16869.56,16869.56,83700
"Aug 12 2016",16877.18,16943.67,16818.43,16919.92,16919.92,119100
"Aug 10 2016",16699.08,16822.86,16657.59,16735.12,16735.12,113800
"Aug 09 2016",16632.41,16779.59,16630.56,16764.97,16764.97,127500
"Aug 08 2016",16462.29,16652.04,16455.57,16650.57,16650.57,141600
"Aug 05 2016",16278.99,16355.98,16230.70,16254.45,16254.45,129400
"Aug 04 2016",16168.34,16270.12,15921.04,16254.89,16254.89,160000
"Aug 03 2016",16227.28,16275.34,16056.67,16083.11,16083.11,155400
"Aug 02 2016",16469.68,16541.88,16391.45,16391.45,16391.45,131900
"Aug 01 2016",16415.31,16677.49,16319.15,16635.77,16635.77,174100
"Jul 29 2016",16359.68,16679.19,16174.35,16569.27,16569.27,234600
"Jul 28 2016",16596.15,16616.28,16450.28,16476.84,16476.84,126400
"Jul 27 2016",16526.06,16821.43,16526.06,16664.82,16664.82,155500
"Jul 26 2016",16535.81,16535.81,16323.10,16383.04,16383.04,129400
"Jul 25 2016",16655.81,16778.65,16612.33,16620.29,16620.29,102900
"Jul 22 2016",16612.90,16691.81,16566.98,16627.25,16627.25,100800
"Jul 21 2016",16855.18,16938.96,16740.00,16810.22,16810.22,134800
"Jul 20 2016",16646.92,16692.84,16554.03,16681.89,16681.89,120500
"Jul 19 2016",16612.09,16726.71,16514.66,16723.31,16723.31,131600
"Jul 15 2016",16396.12,16607.32,16396.12,16497.85,16497.85,171900
"Jul 14 2016",16242.20,16398.73,16229.26,16385.89,16385.89,136100
"Jul 13 2016",16343.00,16444.25,16196.44,16231.43,16231.43,195600
"Jul 12 2016",15961.30,16237.62,15956.91,16095.65,16095.65,185100
"Jul 11 2016",15375.94,15816.67,15375.94,15708.82,15708.82,138900
"Jul 08 2016",15326.84,15399.70,15106.52,15106.98,15106.98,129500
"Jul 07 2016",15346.81,15418.90,15241.91,15276.24,15276.24,127300
"Jul 06 2016",15434.46,15434.46,15167.98,15378.99,15378.99,158400
"Jul 05 2016",15682.16,15702.04,15602.73,15669.33,15669.33,109200
"Jul 04 2016",15554.04,15805.31,15553.92,15775.80,15775.80,108500
"Jul 01 2016",15698.02,15765.00,15635.57,15682.48,15682.48,119900
"Jun 30 2016",15752.71,15781.69,15575.92,15575.92,15575.92,150700
"Jun 29 2016",15523.35,15626.66,15398.31,15566.83,15566.83,147400
"Jun 28 2016",15094.71,15443.82,14987.79,15323.14,15323.14,180900
"Jun 27 2016",15153.08,15323.95,15061.66,15309.21,15309.21,161900
"Jun 24 2016",16333.87,16389.17,14864.01,14952.02,14952.02,263000
"Jun 23 2016",16098.61,16263.87,16057.86,16238.35,16238.35,110800
"Jun 22 2016",16095.81,16160.99,15980.65,16065.72,16065.72,111700
"Jun 21 2016",15875.81,16202.30,15770.96,16169.11,16169.11,120900
"Jun 20 2016",15839.06,16035.44,15835.86,15965.30,15965.30,132000
"Jun 17 2016",15631.79,15774.87,15582.94,15599.66,15599.66,167200
"Jun 16 2016",15871.22,15913.08,15395.98,15434.14,15434.14,154200
"Jun 15 2016",15799.07,15997.30,15752.01,15919.58,15919.58,136800
"Jun 14 2016",16001.19,16082.50,15762.09,15859.00,15859.00,131700
"Jun 13 2016",16319.11,16335.38,16019.18,16019.18,16019.18,126200
"Jun 10 2016",16637.51,16643.36,16496.11,16601.36,16601.36,155000
"Jun 09 2016",16742.03,16785.83,16587.77,16668.41,16668.41,115500
"Jun 08 2016",16722.49,16830.92,16581.71,16830.92,16830.92,112100
"Jun 07 2016",16651.05,16701.01,16536.23,16675.45,16675.45,109000
"Jun 06 2016",16373.32,16581.30,16322.64,16580.03,16580.03,122200
"Jun 03 2016",16599.51,16716.14,16554.60,16642.23,16642.23,110600
"Jun 02 2016",16817.26,16819.85,16525.47,16562.55,16562.55,142800
"Jun 01 2016",17097.22,17145.95,16908.92,16955.73,16955.73,133700
"May 31 2016",17029.46,17251.36,16988.64,17234.98,17234.98,156700
"May 30 2016",16973.72,17068.02,16910.19,17068.02,17068.02,100300
"May 27 2016",16830.50,16901.09,16792.73,16834.84,16834.84,111800
"May 26 2016",16927.69,16957.56,16743.17,16772.46,16772.46,122000
"May 25 2016",16764.35,16806.03,16731.12,16757.35,16757.35,107400
"May 24 2016",16605.04,16605.04,16471.37,16498.76,16498.76,109700
"May 23 2016",16671.28,16691.50,16417.84,16654.60,16654.60,116500
"May 20 2016",16594.99,16770.87,16548.34,16736.35,16736.35,126300
"May 19 2016",16807.46,16841.04,16590.16,16646.66,16646.66,141600
"May 18 2016",16611.40,16795.47,16513.17,16644.69,16644.69,165100
"May 17 2016",16618.95,16655.89,16509.31,16652.80,16652.80,117600
"May 16 2016",16391.92,16632.62,16391.92,16466.40,16466.40,125100
"May 13 2016",16804.17,16804.17,16400.87,16412.21,16412.21,171600
"May 12 2016",16459.69,16658.07,16374.59,16646.34,16646.34,138700
"May 11 2016",16736.72,16814.64,16536.61,16579.01,16579.01,143500
"May 10 2016",16307.50,16587.63,16229.15,16565.19,16565.19,166500
"May 09 2016",16226.57,16292.86,16159.31,16216.03,16216.03,118800
"May 06 2016",16212.67,16271.61,15989.35,16106.72,16106.72,152700
"May 02 2016",16357.10,16357.10,15975.47,16147.38,16147.38,179900
"Apr 28 2016",17438.99,17572.27,16652.74,16666.05,16666.05,233100
"Apr 27 2016",17369.68,17417.54,17230.23,17290.49,17290.49,140900
"Apr 26 2016",17358.56,17426.02,17200.50,17353.28,17353.28,161600
"Apr 25 2016",17613.56,17613.56,17403.87,17439.30,17439.30,171600
"Apr 22 2016",17220.47,17572.49,17192.39,17572.49,17572.49,228300
"Apr 21 2016",17187.27,17381.70,17144.53,17363.62,17363.62,165900
"Apr 20 2016",17053.83,17099.36,16870.73,16906.54,16906.54,143900
"Apr 19 2016",16582.66,16900.33,16570.50,16874.44,16874.44,145700
"Apr 18 2016",16521.25,16526.90,16254.20,16275.95,16275.95,140600
"Apr 15 2016",16720.39,16928.67,16720.39,16848.03,16848.03,133300
"Apr 14 2016",16629.83,16911.05,16602.17,16911.05,16911.05,175400
"Apr 13 2016",16142.71,16405.59,16132.23,16381.22,16381.22,158800
"Apr 12 2016",15719.24,15963.03,15693.61,15928.79,15928.79,147000
"Apr 11 2016",15761.57,15778.74,15525.49,15751.13,15751.13,129900
"Apr 08 2016",15597.04,16027.63,15471.80,15821.52,15821.52,176800
"Apr 07 2016",15739.26,15871.10,15636.21,15749.84,15749.84,146000
"Apr 06 2016",15727.70,15828.61,15612.91,15715.36,15715.36,150500
"Apr 05 2016",16044.23,16066.18,15698.55,15732.82,15732.82,158100
"Apr 04 2016",16087.76,16238.51,16029.50,16123.27,16123.27,144800
"Apr 01 2016",16719.56,16719.56,16113.01,16164.16,16164.16,178400
"Mar 31 2016",16997.14,17033.65,16758.67,16758.67,16758.67,157500
"Mar 30 2016",17078.03,17078.03,16875.91,16878.96,16878.96,131200
"Mar 29 2016",16985.28,17137.20,16948.43,17103.53,17103.53,117000
"Mar 28 2016",17129.27,17167.88,16961.41,17134.37,17134.37,123500
"Mar 25 2016",16949.53,17026.14,16889.40,17002.75,17002.75,126500
"Mar 24 2016",16979.39,17041.16,16843.99,16892.33,16892.33,142100
"Mar 23 2016",17066.27,17142.08,16964.31,17000.98,17000.98,104700
"Mar 22 2016",16937.31,17107.80,16851.21,17048.55,17048.55,136200
"Mar 18 2016",16883.75,16920.91,16613.69,16724.81,16724.81,155700
"Mar 17 2016",17107.60,17253.03,16814.84,16936.38,16936.38,152500
"Mar 16 2016",16981.36,17102.45,16950.84,16974.45,16974.45,126400
"Mar 15 2016",17219.89,17279.30,17042.56,17117.07,17117.07,144300
"Mar 14 2016",17155.52,17291.35,17149.21,17233.75,17233.75,140900
"Mar 11 2016",16610.18,17015.30,16575.75,16938.87,16938.87,198000
"Mar 10 2016",16811.00,16887.60,16713.13,16852.35,16852.35,135600
"Mar 09 2016",16625.59,16706.25,16494.80,16642.20,16642.20,160700
"Mar 08 2016",16889.48,16909.79,16570.22,16783.15,16783.15,182800
"Mar 07 2016",17024.64,17026.25,16894.58,16911.32,16911.32,159500
"Mar 04 2016",16927.36,17042.92,16861.38,17014.78,17014.78,183600
"Mar 03 2016",16695.78,16962.95,16691.94,16960.16,16960.16,201400
"Mar 02 2016",16391.48,16815.25,16388.92,16746.55,16746.55,175100
"Mar 01 2016",16013.00,16099.42,15857.37,16085.51,16085.51,152300
"Feb 29 2016",16313.31,16464.75,16026.76,16026.76,16026.76,164300
"Feb 26 2016",16311.52,16472.50,16188.41,16188.41,16188.41,147400
"Feb 25 2016",15983.47,16218.29,15953.93,16140.34,16140.34,169800
"Feb 24 2016",15851.13,16006.45,15753.77,15915.79,15915.79,151600
"Feb 23 2016",16230.38,16350.38,16001.19,16052.05,16052.05,165200
"Feb 22 2016",15851.39,16187.40,15816.83,16111.05,16111.05,139800
"Feb 19 2016",16050.40,16050.46,15799.35,15967.17,15967.17,161700
"Feb 18 2016",16138.08,16337.59,16118.80,16196.80,16196.80,187800
"Feb 17 2016",16035.35,16214.46,15632.12,15836.36,15836.36,204100
"Feb 16 2016",15849.47,16341.56,15809.58,16054.43,16054.43,224900
"Feb 15 2016",15248.38,16155.10,15243.88,16022.58,16022.58,232200
"Feb 12 2016",15426.27,15437.22,14865.77,14952.61,14952.61,340500
"Feb 10 2016",16127.86,16163.03,15429.99,15713.39,15713.39,283500
"Feb 09 2016",16666.79,16668.70,16025.94,16085.44,16085.44,228200
"Feb 08 2016",16620.91,17099.01,16552.30,17004.30,17004.30,200100
"Feb 05 2016",16790.53,16893.12,16627.80,16819.59,16819.59,259900
"Feb 04 2016",17071.11,17209.56,16941.88,17044.99,17044.99,238800
"Feb 03 2016",17497.41,17515.68,17080.57,17191.25,17191.25,228500
"Feb 02 2016",17716.52,17864.70,17684.66,17750.68,17750.68,200800
"Feb 01 2016",17699.60,17905.37,17666.48,17865.23,17865.23,245000
"Jan 29 2016",17155.06,17638.93,16767.09,17518.30,17518.30,294400
"Jan 28 2016",17059.84,17235.44,16942.13,17041.45,17041.45,140900
"Jan 27 2016",16949.19,17242.27,16947.95,17163.92,17163.92,155000
"Jan 26 2016",16833.13,16839.52,16652.26,16708.90,16708.90,147000
"Jan 25 2016",17145.81,17208.24,16922.21,17110.91,17110.91,157000
"Jan 22 2016",16336.72,16993.96,16332.45,16958.53,16958.53,186800
"Jan 21 2016",16466.86,16734.58,16017.26,16017.26,16017.26,228200
"Jan 20 2016",17030.28,17031.32,16387.61,16416.19,16416.19,177800
"Jan 19 2016",16902.29,17088.31,16812.65,17048.37,17048.37,154200
"Jan 18 2016",16826.93,17037.26,16665.05,16955.57,16955.57,157200
"Jan 15 2016",17522.46,17597.87,17057.60,17147.11,17147.11,173000
"Jan 14 2016",17384.93,17393.83,16944.41,17240.95,17240.95,178300
"Jan 13 2016",17449.12,17717.75,17414.55,17715.63,17715.63,145900
"Jan 12 2016",17470.93,17546.57,17184.78,17218.96,17218.96,178400
"Jan 08 2016",17562.23,17975.31,17509.64,17697.96,17697.96,184300
"Jan 07 2016",18139.77,18172.04,17767.34,17767.34,17767.34,168000
"Jan 06 2016",18410.57,18469.38,18064.30,18191.32,18191.32,142200
"Jan 05 2016",18398.76,18547.38,18327.52,18374.00,18374.00,132300
"Jan 04 2016",18818.58,18951.12,18394.43,18450.98,18450.98,140200
"Dec 30 2015",19070.83,19113.18,19017.27,19033.71,19033.71,100500
"Dec 29 2015",18843.39,18991.01,18783.36,18982.23,18982.23,96900
"Dec 28 2015",18838.91,18922.90,18764.54,18873.35,18873.35,102300
"Dec 25 2015",18823.91,18870.70,18744.44,18769.06,18769.06,122600
"Dec 24 2015",19071.41,19071.41,18780.94,18789.69,18789.69,129500
"Dec 22 2015",18927.86,18943.46,18824.65,18886.70,18886.70,135700
"Dec 21 2015",18845.50,18979.83,18651.13,18916.02,18916.02,154800
"Dec 18 2015",19320.46,19869.08,18982.25,18986.80,18986.80,199200
"Dec 17 2015",19364.57,19507.17,19325.15,19353.56,19353.56,152700
"Dec 16 2015",18868.20,19054.89,18859.11,19049.91,19049.91,143900
"Dec 15 2015",18869.04,18897.87,18562.51,18565.90,18565.90,137800
"Dec 14 2015",18887.09,18911.78,18611.09,18883.42,18883.42,134300
"Dec 11 2015",19020.75,19282.21,19020.75,19230.48,19230.48,165800
"Dec 10 2015",19070.02,19125.06,19025.78,19046.55,19046.55,119700
"Dec 09 2015",19391.50,19475.40,19260.12,19301.07,19301.07,130300
"Dec 08 2015",19689.87,19764.21,19475.28,19492.60,19492.60,124100
"Dec 07 2015",19710.39,19811.51,19677.21,19698.15,19698.15,103300
"Dec 04 2015",19616.52,19660.90,19444.54,19504.48,19504.48,134100
"Dec 03 2015",19894.63,19967.88,19862.74,19939.90,19939.90,116200
"Dec 02 2015",19957.50,20002.12,19926.22,19938.13,19938.13,115900
"Dec 01 2015",19799.08,20012.40,19797.55,20012.40,20012.40,133100
"Nov 30 2015",19857.38,19867.95,19707.67,19747.47,19747.47,161200
"Nov 27 2015",19994.05,19994.05,19831.25,19883.94,19883.94,114600
"Nov 26 2015",19929.97,19992.44,19926.10,19944.41,19944.41,117300
"Nov 25 2015",19856.84,19871.75,19786.53,19847.58,19847.58,133200
"Nov 24 2015",19875.99,19954.00,19834.76,19924.89,19924.89,133900
"Nov 20 2015",19800.20,19879.81,19715.74,19879.81,19879.81,109700
"Nov 19 2015",19851.24,19959.06,19761.56,19859.81,19859.81,139600
"Nov 18 2015",19771.86,19840.00,19643.97,19649.18,19649.18,126700
"Nov 17 2015",19641.67,19726.01,19628.84,19630.63,19630.63,145400
"Nov 16 2015",19263.96,19451.09,19252.04,19393.69,19393.69,111500
"Nov 13 2015",19495.26,19601.49,19388.91,19596.91,19596.91,139100
"Nov 12 2015",19644.65,19725.83,19597.99,19697.77,19697.77,123500
"Nov 11 2015",19602.01,19724.12,19602.01,19691.39,19691.39,131300
"Nov 10 2015",19457.05,19674.05,19457.05,19671.26,19671.26,131200
"Nov 09 2015",19411.51,19684.41,19389.74,19642.74,19642.74,168800
"Nov 06 2015",19194.34,19294.15,19164.86,19265.60,19265.60,121300
"Nov 05 2015",19029.44,19167.09,18995.96,19116.41,19116.41,145900
"Nov 04 2015",18941.32,19151.89,18926.91,18926.91,18926.91,157000
"Nov 02 2015",18827.11,18861.11,18641.22,18683.24,18683.24,148300
"Oct 30 2015",18924.31,19202.34,18784.69,19083.10,19083.10,182000
"Oct 29 2015",19046.16,19080.89,18809.48,18935.71,18935.71,178200
"Oct 28 2015",18826.94,18925.51,18815.12,18903.02,18903.02,110200
"Oct 27 2015",18961.16,18964.99,18760.79,18777.04,18777.04,123300
"Oct 26 2015",19036.13,19088.76,18937.45,18947.12,18947.12,121800
"Oct 23 2015",18762.65,18915.64,18746.61,18825.30,18825.30,147500
"Oct 22 2015",18443.69,18579.14,18376.01,18435.87,18435.87,123900
"Oct 21 2015",18167.64,18605.41,18167.64,18554.28,18554.28,142900
"Oct 20 2015",18245.54,18253.13,18147.98,18207.15,18207.15,118800
"Oct 19 2015",18282.78,18314.09,18078.43,18131.23,18131.23,121300
"Oct 16 2015",18300.83,18397.52,18238.78,18291.80,18291.80,129600
"Oct 15 2015",17804.91,18170.67,17758.12,18096.90,18096.90,131700
"Oct 14 2015",18106.66,18126.39,17831.53,17891.00,17891.00,145000
"Oct 13 2015",18335.15,18359.71,18223.80,18234.74,18234.74,144300
"Oct 09 2015",18281.51,18438.67,18184.96,18438.67,18438.67,185000
"Oct 08 2015",18310.62,18400.69,18121.68,18141.17,18141.17,158300
"Oct 07 2015",18168.20,18379.23,18043.08,18322.98,18322.98,160800
"Oct 06 2015",18302.41,18372.72,18094.85,18186.10,18186.10,147600
"Oct 05 2015",17921.00,18079.46,17869.74,18005.49,18005.49,120900
"Oct 02 2015",17564.39,17775.77,17537.85,17725.13,17725.13,125300
"Oct 01 2015",17479.97,17831.58,17389.57,17722.42,17722.42,161200
"Sep 30 2015",17193.84,17460.97,17179.40,17388.15,17388.15,156500
"Sep 29 2015",17359.38,17366.95,16901.49,16930.84,16930.84,206300
"Sep 28 2015",17811.12,17886.49,17562.60,17645.11,17645.11,130800
"Sep 25 2015",17618.30,17880.51,17483.69,17880.51,17880.51,184800
"Sep 24 2015",17803.41,17865.84,17571.83,17571.83,17571.83,167900
"Sep 18 2015",18275.48,18295.90,18069.50,18070.21,18070.21,172000
"Sep 17 2015",18361.99,18468.20,18289.63,18432.27,18432.27,130900
"Sep 16 2015",18238.15,18291.97,18094.99,18171.60,18171.60,126000
"Sep 15 2015",18082.72,18329.57,17995.98,18026.48,18026.48,146400
"Sep 14 2015",18341.01,18344.07,17925.09,17965.70,17965.70,126500
"Sep 11 2015",18155.71,18362.99,18124.35,18264.22,18264.22,201500
"Sep 10 2015",18418.64,18420.56,17956.15,18299.62,18299.62,172700
"Sep 09 2015",17758.13,18770.51,17756.76,18770.51,18770.51,201700
"Sep 08 2015",17941.91,17962.56,17415.61,17427.08,17427.08,154900
"Sep 07 2015",17674.82,18013.64,17478.72,17860.47,17860.47,164600
"Sep 04 2015",18312.13,18312.13,17608.17,17792.16,17792.16,171100
"Sep 03 2015",18359.53,18481.57,18176.75,18182.39,18182.39,143000
"Sep 02 2015",17861.81,18467.44,17857.30,18095.40,18095.40,197900
"Sep 01 2015",18763.72,18777.47,18165.69,18165.69,18165.69,176800
"Aug 31 2015",19006.98,19019.61,18749.77,18890.48,18890.48,167600
"Aug 28 2015",18908.73,19192.82,18901.09,19136.32,19136.32,205200
"Aug 27 2015",18680.47,18810.05,18486.46,18574.44,18574.44,192100
"Aug 26 2015",17894.29,18442.84,17714.30,18376.83,18376.83,246800
"Aug 25 2015",18171.66,18835.35,17747.50,17806.70,17806.70,335600
"Aug 24 2015",19075.05,19154.65,18498.80,18540.68,18540.68,274400
"Aug 21 2015",19711.34,19737.54,19435.83,19435.83,19435.83,189900
"Aug 20 2015",20194.26,20246.47,20033.29,20033.52,20033.52,147900
"Aug 19 2015",20467.49,20521.97,20218.03,20222.63,20222.63,145500
"Aug 18 2015",20640.59,20663.18,20545.25,20554.47,20554.47,113100
"Aug 17 2015",20600.16,20668.87,20541.00,20620.26,20620.26,106600
"Aug 14 2015",20518.36,20605.46,20484.67,20519.45,20519.45,139400
"Aug 13 2015",20392.54,20633.91,20306.98,20595.55,20595.55,167400
"Aug 12 2015",20632.68,20703.20,20303.02,20392.77,20392.77,170300
"Aug 11 2015",20920.60,20946.93,20582.01,20720.75,20720.75,159200
"Aug 10 2015",20618.31,20820.86,20617.05,20808.69,20808.69,138700
"Aug 07 2015",20601.57,20754.00,20567.51,20724.56,20724.56,147000
"Aug 06 2015",20768.77,20817.48,20664.44,20664.44,20664.44,167000
"Aug 05 2015",20490.15,20715.48,20469.87,20614.06,20614.06,173500
"Aug 04 2015",20462.18,20552.04,20448.49,20520.36,20520.36,166700
"Aug 03 2015",20540.21,20562.20,20396.50,20548.11,20548.11,173600
"Jul 31 2015",20506.55,20585.24,20466.80,20585.24,20585.24,175400
"Jul 30 2015",20450.61,20583.57,20443.89,20522.83,20522.83,181400
"Jul 29 2015",20425.69,20425.69,20205.21,20302.91,20302.91,132800
"Jul 28 2015",20188.57,20423.58,20070.62,20328.89,20328.89,149800
"Jul 27 2015",20374.05,20486.93,20278.73,20350.10,20350.10,122600
"Jul 24 2015",20603.63,20631.54,20527.78,20544.53,20544.53,110700
"Jul 23 2015",20693.57,20708.23,20648.76,20683.95,20683.95,119100
"Jul 22 2015",20657.80,20677.84,20576.19,20593.67,20593.67,145400
"Jul 21 2015",20763.31,20850.00,20710.34,20841.97,20841.97,134500
"Jul 17 2015",20646.63,20658.95,20611.22,20650.92,20650.92,118100
"Jul 16 2015",20588.98,20612.50,20522.25,20600.12,20600.12,136800
"Jul 15 2015",20478.85,20496.60,20401.09,20463.33,20463.33,127100
"Jul 14 2015",20355.33,20435.53,20322.20,20385.33,20385.33,161800
"Jul 13 2015",19929.92,20120.15,19911.39,20089.77,20089.77,139000
"Jul 10 2015",19829.93,19978.24,19720.15,19779.83,19779.83,193000
"Jul 09 2015",19422.78,19855.50,19115.20,19855.50,19855.50,252900
"Jul 08 2015",20282.49,20310.89,19737.64,19737.64,19737.64,207600
"Jul 07 2015",20354.23,20428.00,20337.18,20376.59,20376.59,139300
"Jul 06 2015",20200.15,20310.72,20012.23,20112.12,20112.12,163700
"Jul 03 2015",20476.69,20557.51,20431.25,20539.79,20539.79,145800
"Jul 02 2015",20565.94,20601.73,20479.85,20522.50,20522.50,137800
"Jul 01 2015",20291.05,20346.74,20225.27,20329.32,20329.32,123600
"Jun 30 2015",20174.61,20243.18,20118.26,20235.73,20235.73,168100
"Jun 29 2015",20305.97,20361.60,20093.16,20109.95,20109.95,165300
"Jun 26 2015",20758.43,20785.76,20650.00,20706.15,20706.15,140100
"Jun 25 2015",20777.69,20866.58,20758.60,20771.40,20771.40,128300
"Jun 24 2015",20889.32,20952.71,20838.22,20868.03,20868.03,166700
"Jun 23 2015",20547.74,20809.42,20531.13,20809.42,20809.42,183300
"Jun 22 2015",20174.14,20433.30,20174.14,20428.19,20428.19,140500
"Jun 19 2015",20152.41,20194.45,20075.91,20174.24,20174.24,160900
"Jun 18 2015",20193.59,20200.51,19990.55,19990.82,19990.82,134500
"Jun 17 2015",20306.10,20323.08,20126.57,20219.27,20219.27,124200
"Jun 16 2015",20332.83,20368.21,20234.16,20257.94,20257.94,133000
"Jun 15 2015",20205.10,20401.48,20205.10,20387.79,20387.79,115700
"Jun 12 2015",20431.78,20437.26,20331.19,20407.08,20407.08,189900
"Jun 11 2015",20183.61,20382.97,20178.04,20382.97,20382.97,150400
"Jun 10 2015",20126.36,20264.92,20016.32,20046.36,20046.36,183200
"Jun 09 2015",20293.05,20332.42,20095.48,20096.30,20096.30,160700
"Jun 08 2015",20537.85,20544.94,20359.06,20457.19,20457.19,139800
"Jun 05 2015",20398.76,20480.25,20363.18,20460.90,20460.90,165800
"Jun 04 2015",20539.94,20552.46,20438.21,20488.19,20488.19,171700
"Jun 03 2015",20443.15,20506.35,20397.73,20473.51,20473.51,168700
"Jun 02 2015",20604.67,20619.61,20470.26,20543.19,20543.19,200400
"Jun 01 2015",20444.54,20595.41,20410.27,20569.87,20569.87,173400
"May 29 2015",20510.27,20636.41,20508.40,20563.15,20563.15,241100
"May 28 2015",20590.28,20655.33,20473.27,20551.46,20551.46,241500
"May 27 2015",20380.64,20513.22,20363.21,20472.58,20472.58,184700
"May 26 2015",20431.27,20473.85,20378.77,20437.48,20437.48,130800
"May 25 2015",20331.92,20417.77,20318.54,20413.77,20413.77,139800
"May 22 2015",20208.85,20278.31,20130.84,20264.41,20264.41,141500
"May 21 2015",20215.46,20320.90,20175.78,20202.87,20202.87,181800
"May 20 2015",20175.59,20278.89,20148.51,20196.56,20196.56,176400
"May 19 2015",19977.14,20087.70,19946.75,20026.38,20026.38,184100
"May 18 2015",19766.16,19890.27,19741.22,19890.27,19890.27,206800
"May 15 2015",19693.17,19750.76,19633.75,19732.92,19732.92,178400
"May 14 2015",19661.52,19717.80,19546.82,19570.24,19570.24,171700
"May 13 2015",19568.76,19791.88,19494.70,19764.72,19764.72,193600
"May 12 2015",19608.23,19626.75,19467.65,19624.84,19624.84,203500
"May 11 2015",19637.58,19679.63,19586.81,19620.91,19620.91,214400
"May 08 2015",19315.63,19458.75,19302.71,19379.19,19379.19,181600
"May 07 2015",19356.46,19461.08,19257.85,19291.99,19291.99,165700
"May 01 2015",19510.85,19549.39,19399.16,19531.63,19531.63,154100
"Apr 30 2015",19847.50,19852.66,19502.61,19520.01,19520.01,189100
"Apr 28 2015",20068.65,20133.78,20031.71,20058.95,20058.95,138700
"Apr 27 2015",20063.80,20069.24,19909.86,19983.32,19983.32,123500
"Apr 24 2015",20142.47,20142.47,20013.74,20020.04,20020.04,139700
"Apr 23 2015",20227.28,20252.12,20116.19,20187.65,20187.65,200900
"Apr 22 2015",19999.84,20144.66,19983.00,20133.90,20133.90,204400
"Apr 21 2015",19731.57,19909.09,19678.22,19909.09,19909.09,161600
"Apr 20 2015",19501.00,19725.86,19474.23,19634.49,19634.49,144100
"Apr 17 2015",19810.40,19815.25,19638.37,19652.88,19652.88,188200
"Apr 16 2015",19862.48,19894.35,19742.12,19885.77,19885.77,174300
"Apr 15 2015",19838.53,19913.42,19823.86,19869.76,19869.76,121600
"Apr 14 2015",19828.65,19922.50,19828.65,19908.68,19908.68,111600
"Apr 13 2015",19967.38,19975.66,19825.69,19905.46,19905.46,107000
"Apr 10 2015",19989.55,20006.00,19845.31,19907.63,19907.63,136200
"Apr 09 2015",19851.12,19957.32,19822.49,19937.72,19937.72,120000
"Apr 08 2015",19729.70,19845.53,19693.63,19789.81,19789.81,140700
"Apr 07 2015",19539.03,19667.48,19501.31,19640.54,19640.54,137000
"Apr 06 2015",19295.03,19424.09,19241.29,19397.98,19397.98,96600
"Apr 03 2015",19289.04,19435.08,19289.04,19435.08,19435.08,104700
"Apr 02 2015",19141.93,19433.89,19115.14,19312.79,19312.79,147100
"Apr 01 2015",19129.75,19195.23,18927.95,19034.84,19034.84,160400
"Mar 31 2015",19592.43,19607.25,19206.99,19206.99,19206.99,151600
"Mar 30 2015",19295.21,19474.07,19227.29,19411.40,19411.40,136300
"Mar 27 2015",19374.72,19590.03,19099.87,19285.63,19285.63,178300
"Mar 26 2015",19605.60,19623.11,19397.01,19471.12,19471.12,154800
"Mar 25 2015",19745.75,19775.45,19542.22,19746.20,19746.20,145000
"Mar 24 2015",19718.99,19770.64,19646.35,19713.45,19713.45,141900
"Mar 23 2015",19607.98,19778.60,19584.73,19754.36,19754.36,124400
"Mar 20 2015",19479.71,19565.44,19416.63,19560.22,19560.22,137500
"Mar 19 2015",19514.64,19557.17,19312.70,19476.56,19476.56,151100
"Mar 18 2015",19407.76,19555.72,19389.24,19544.48,19544.48,134400
"Mar 17 2015",19425.89,19479.89,19373.39,19437.00,19437.00,131800
"Mar 16 2015",19245.38,19349.20,19226.71,19246.06,19246.06,129000
"Mar 13 2015",19119.58,19335.80,19042.25,19254.25,19254.25,227800
"Mar 12 2015",18787.10,19008.13,18774.42,18991.11,18991.11,149700
"Mar 11 2015",18604.87,18836.93,18583.52,18723.52,18723.52,130000
"Mar 10 2015",18891.01,18924.38,18577.06,18665.11,18665.11,148300
"Mar 09 2015",18872.96,18878.15,18733.87,18790.55,18790.55,118000
"Mar 06 2015",18814.85,18979.64,18808.30,18971.00,18971.00,147100
"Mar 05 2015",18658.16,18767.50,18655.36,18751.84,18751.84,121900
"Mar 04 2015",18716.78,18732.66,18586.84,18703.60,18703.60,143300
"Mar 03 2015",18910.52,18910.52,18730.57,18815.16,18815.16,154800
"Mar 02 2015",18869.40,18939.17,18775.23,18826.88,18826.88,134800
"Feb 27 2015",18844.28,18865.39,18714.64,18797.94,18797.94,174700
"Feb 26 2015",18587.87,18790.83,18587.13,18785.79,18785.79,155500
"Feb 25 2015",18636.34,18648.77,18552.81,18585.20,18585.20,139100
"Feb 24 2015",18468.39,18603.48,18427.98,18603.48,18603.48,145200
"Feb 23 2015",18499.58,18509.08,18402.02,18466.92,18466.92,157500
"Feb 20 2015",18336.50,18360.92,18297.67,18332.30,18332.30,146300
"Feb 19 2015",18237.35,18322.50,18237.35,18264.79,18264.79,174100
"Feb 18 2015",18103.98,18202.61,18092.32,18199.17,18199.17,171600
"Feb 17 2015",17949.70,18009.45,17901.26,17987.09,17987.09,142100
"Feb 16 2015",18024.01,18074.26,17978.90,18004.77,18004.77,152600
"Feb 13 2015",17892.10,17962.11,17864.55,17913.36,17913.36,162000
"Feb 12 2015",17899.40,18005.45,17884.34,17979.72,17979.72,181200
"Feb 10 2015",17662.67,17673.27,17550.03,17652.68,17652.68,123900
"Feb 09 2015",17790.31,17799.49,17653.61,17711.93,17711.93,129500
"Feb 06 2015",17696.18,17700.67,17603.07,17648.50,17648.50,142500
"Feb 05 2015",17589.21,17619.34,17484.67,17504.62,17504.62,185000
"Feb 04 2015",17549.30,17743.11,17535.04,17678.74,17678.74,187000
"Feb 03 2015",17654.60,17654.60,17271.87,17335.85,17335.85,169600
"Feb 02 2015",17536.61,17628.40,17459.45,17558.04,17558.04,136000
"Jan 30 2015",17788.74,17808.47,17661.10,17674.39,17674.39,173500
"Jan 29 2015",17666.91,17778.83,17575.10,17606.22,17606.22,140000
"Jan 28 2015",17615.93,17850.59,17615.93,17795.73,17795.73,141900
"Jan 27 2015",17649.40,17768.41,17633.47,17768.30,17768.30,139700
"Jan 26 2015",17285.71,17471.94,17285.71,17468.52,17468.52,111600
"Jan 23 2015",17520.63,17532.06,17460.76,17511.75,17511.75,132500
"Jan 22 2015",17306.64,17355.74,17229.21,17329.02,17329.02,121900
"Jan 21 2015",17308.72,17329.03,17181.55,17280.48,17280.48,136000
"Jan 20 2015",17071.65,17366.30,17066.77,17366.30,17366.30,133000
"Jan 19 2015",17000.78,17039.80,16911.58,17014.29,17014.29,128000
"Jan 16 2015",16812.96,16864.34,16592.57,16864.16,16864.16,171100
"Jan 15 2015",16872.95,17141.98,16856.22,17108.70,17108.70,147700
"Jan 14 2015",16961.82,17036.72,16770.56,16795.96,16795.96,148500
"Jan 13 2015",16970.88,17087.71,16828.27,17087.71,17087.71,149200
"Jan 09 2015",17318.74,17342.65,17129.53,17197.73,17197.73,155200
"Jan 08 2015",17067.40,17243.71,17016.09,17167.10,17167.10,140600
"Jan 07 2015",16808.26,16974.61,16808.26,16885.33,16885.33,138600
"Jan 06 2015",17101.58,17111.36,16881.73,16883.19,16883.19,166000
"Jan 05 2015",17325.68,17540.92,17219.22,17408.71,17408.71,116500
"Dec 30 2014",17702.12,17713.76,17450.77,17450.77,17450.77,98300
"Dec 29 2014",17914.55,17914.55,17525.66,17729.84,17729.84,115200
"Dec 26 2014",17778.91,17843.73,17769.01,17818.96,17818.96,86500
"Dec 25 2014",17804.84,17832.47,17773.59,17808.75,17808.75,86400
"Dec 24 2014",17842.04,17875.41,17800.42,17854.23,17854.23,126400
"Dec 22 2014",17685.53,17692.58,17572.62,17635.14,17635.14,128500
"Dec 19 2014",17511.01,17621.40,17471.60,17621.40,17621.40,175800
"Dec 18 2014",17142.95,17274.23,17136.41,17210.05,17210.05,186300
"Dec 17 2014",16689.34,16891.02,16672.94,16819.73,16819.73,161300
"Dec 16 2014",16862.42,16895.39,16714.83,16755.32,16755.32,160300
"Dec 15 2014",17111.49,17258.32,17037.21,17099.40,17099.40,146400
"Dec 12 2014",17317.69,17526.19,17298.19,17371.58,17371.58,214500
"Dec 11 2014",17180.49,17289.73,17043.63,17257.40,17257.40,151400
"Dec 10 2014",17623.35,17658.14,17308.82,17412.58,17412.58,169600
"Dec 09 2014",17820.24,17892.16,17773.30,17813.38,17813.38,140400
"Dec 08 2014",18004.66,18030.83,17869.74,17935.64,17935.64,134700
"Dec 05 2014",17821.85,17922.29,17759.36,17920.45,17920.45,128900
"Dec 04 2014",17881.91,17912.59,17813.01,17887.21,17887.21,142200
"Dec 03 2014",17772.15,17881.76,17696.36,17720.43,17720.43,158700
"Dec 02 2014",17481.06,17687.70,17476.42,17663.22,17663.22,125200
"Dec 01 2014",17475.10,17649.02,17474.27,17590.10,17590.10,125900
"Nov 28 2014",17340.16,17471.90,17330.84,17459.85,17459.85,149100
"Nov 27 2014",17310.49,17346.85,17212.48,17248.50,17248.50,129100
"Nov 26 2014",17347.97,17432.57,17335.99,17383.58,17383.58,136500
"Nov 25 2014",17490.39,17490.39,17372.71,17407.62,17407.62,170600
"Nov 21 2014",17285.72,17381.59,17108.20,17357.51,17357.51,156300
"Nov 20 2014",17407.69,17407.69,17270.70,17300.86,17300.86,144000
"Nov 19 2014",17384.31,17472.57,17280.76,17288.75,17288.75,170100
"Nov 18 2014",17188.84,17356.76,17186.50,17344.06,17344.06,158100
"Nov 17 2014",17381.38,17409.32,16907.43,16973.80,16973.80,192800
"Nov 14 2014",17520.54,17520.54,17300.19,17490.83,17490.83,196000
"Nov 13 2014",17192.00,17400.77,17099.95,17392.79,17392.79,159800
"Nov 12 2014",17253.12,17443.74,17170.00,17197.05,17197.05,193300
"Nov 11 2014",16869.49,17160.12,16855.30,17124.11,17124.11,154000
"Nov 10 2014",16758.27,16818.05,16713.37,16780.53,16780.53,125600
"Nov 07 2014",16934.04,16938.20,16824.08,16880.38,16880.38,153300
"Nov 06 2014",16993.46,17045.94,16725.45,16792.48,16792.48,199000
"Nov 05 2014",16785.44,16995.02,16778.28,16937.32,16937.32,232200
"Nov 04 2014",16732.85,17127.66,16720.99,16862.47,16862.47,335600
"Oct 31 2014",15817.14,16533.91,15817.14,16413.76,16413.76,268500
"Oct 30 2014",15596.50,15701.04,15584.83,15658.20,15658.20,184100
"Oct 29 2014",15442.39,15595.29,15394.79,15553.91,15553.91,148800
"Oct 28 2014",15363.28,15374.46,15263.36,15329.91,15329.91,122300
"Oct 27 2014",15404.28,15424.05,15333.71,15388.72,15388.72,121000
"Oct 24 2014",15354.35,15377.05,15232.00,15291.64,15291.64,121800
"Oct 23 2014",15093.78,15232.51,15059.64,15138.96,15138.96,119600
"Oct 22 2014",15038.19,15195.78,15001.43,15195.77,15195.77,137400
"Oct 21 2014",15115.29,15115.29,14761.84,14804.28,14804.28,143000
"Oct 20 2014",14822.84,15111.23,14819.69,15111.23,15111.23,162000
"Oct 17 2014",14796.32,14830.67,14529.03,14532.51,14532.51,178600
"Oct 16 2014",14805.16,14807.08,14672.55,14738.38,14738.38,198900
"Oct 15 2014",15009.75,15084.61,14916.65,15073.52,15073.52,152600
"Oct 14 2014",15036.87,15089.90,14919.71,14936.51,14936.51,186200
"Oct 10 2014",15292.88,15345.78,15221.83,15300.55,15300.55,186100
"Oct 09 2014",15681.53,15732.32,15461.09,15478.93,15478.93,141000
"Oct 08 2014",15574.60,15643.63,15520.81,15595.98,15595.98,150200
"Oct 07 2014",15841.17,15913.52,15755.57,15783.83,15783.83,134800
"Oct 06 2014",15882.28,15970.65,15808.22,15890.95,15890.95,127600
"Oct 03 2014",15616.48,15708.65,15559.07,15708.65,15708.65,139700
"Oct 02 2014",15895.20,15922.51,15646.40,15661.99,15661.99,175400
"Oct 01 2014",16173.39,16225.96,16081.01,16082.25,16082.25,137100
"Sep 30 2014",16252.72,16252.72,16058.72,16173.52,16173.52,152500
"Sep 29 2014",16339.03,16344.32,16262.00,16310.64,16310.64,107900
"Sep 26 2014",16087.95,16251.67,16087.95,16229.86,16229.86,127400
"Sep 25 2014",16327.19,16374.14,16303.91,16374.14,16374.14,148700
"Sep 24 2014",16105.56,16203.94,16094.59,16167.45,16167.45,133300
"Sep 22 2014",16281.36,16299.13,16170.11,16205.90,16205.90,129100
"Sep 19 2014",16177.94,16364.08,16170.86,16321.17,16321.17,171300
"Sep 18 2014",16036.47,16106.11,16003.46,16067.57,16067.57,143100
"Sep 17 2014",15948.15,15969.41,15888.67,15888.67,15888.67,114700
"Sep 16 2014",15896.06,15938.31,15871.12,15911.53,15911.53,121300
"Sep 12 2014",15885.04,15984.90,15885.04,15948.29,15948.29,183400
"Sep 11 2014",15880.91,15925.51,15854.30,15909.20,15909.20,130300
"Sep 10 2014",15688.55,15795.60,15664.79,15788.78,15788.78,109700
"Sep 09 2014",15795.82,15795.82,15736.13,15749.15,15749.15,106100
"Sep 08 2014",15718.13,15730.33,15656.40,15705.11,15705.11,95600
"Sep 05 2014",15792.64,15792.64,15641.37,15668.68,15668.68,109600
"Sep 04 2014",15701.61,15732.76,15663.59,15676.18,15676.18,110900
"Sep 03 2014",15797.79,15829.38,15723.54,15728.35,15728.35,137800
"Sep 02 2014",15526.94,15737.36,15516.50,15668.60,15668.60,122600
"Sep 01 2014",15454.59,15478.77,15440.99,15476.60,15476.60,74800
"Aug 29 2014",15423.88,15447.81,15356.00,15424.59,15424.59,111000
"Aug 28 2014",15482.27,15487.99,15423.90,15459.86,15459.86,99300
"Aug 27 2014",15556.56,15588.22,15465.99,15534.82,15534.82,102200
"Aug 26 2014",15609.64,15613.34,15519.42,15521.22,15521.22,86400
"Aug 25 2014",15609.43,15628.61,15553.51,15613.25,15613.25,81900
"Aug 22 2014",15618.05,15628.78,15524.43,15539.19,15539.19,102300
"Aug 21 2014",15530.98,15601.99,15525.78,15586.20,15586.20,117700
"Aug 20 2014",15485.93,15492.88,15433.72,15454.45,15454.45,92700
"Aug 19 2014",15451.94,15476.05,15429.11,15449.79,15449.79,94200
"Aug 18 2014",15318.50,15365.35,15303.39,15322.60,15322.60,77300
"Aug 15 2014",15317.15,15328.34,15276.99,15318.34,15318.34,88700
"Aug 14 2014",15284.38,15338.85,15272.90,15314.57,15314.57,92700
"Aug 13 2014",15111.76,15235.90,15108.53,15213.63,15213.63,96300
"Aug 12 2014",15164.73,15235.98,15125.93,15161.31,15161.31,89300
"Aug 11 2014",15022.64,15161.54,14973.71,15130.52,15130.52,114600
"Aug 08 2014",15063.73,15074.32,14753.84,14778.37,14778.37,177200
"Aug 07 2014",15138.72,15243.06,15061.99,15232.37,15232.37,143100
"Aug 06 2014",15260.00,15271.14,15121.43,15159.79,15159.79,135500
"Aug 05 2014",15506.87,15507.32,15313.84,15320.31,15320.31,131500
"Aug 04 2014",15474.65,15535.62,15440.21,15474.50,15474.50,123600
"Aug 01 2014",15511.54,15602.13,15501.15,15523.11,15523.11,143300
"Jul 31 2014",15732.78,15759.66,15618.85,15620.77,15620.77,154100
"Jul 30 2014",15616.89,15666.62,15594.89,15646.23,15646.23,117500
"Jul 29 2014",15564.79,15632.70,15556.02,15618.07,15618.07,98800
"Jul 28 2014",15426.98,15556.62,15426.98,15529.40,15529.40,115600
"Jul 25 2014",15342.46,15457.87,15341.69,15457.87,15457.87,119900
"Jul 24 2014",15350.28,15383.11,15232.14,15284.42,15284.42,122000
"Jul 23 2014",15367.16,15376.20,15317.37,15328.56,15328.56,100100
"Jul 22 2014",15296.42,15392.02,15287.93,15343.28,15343.28,115400
"Jul 18 2014",15174.08,15220.50,15110.45,15215.71,15215.71,92200
"Jul 17 2014",15422.87,15465.74,15347.85,15370.26,15370.26,102500
"Jul 16 2014",15369.66,15423.96,15355.00,15379.30,15379.30,98200
"Jul 15 2014",15354.43,15441.54,15346.09,15395.16,15395.16,101000
"Jul 14 2014",15199.18,15324.95,15179.49,15296.82,15296.82,96300
"Jul 11 2014",15102.59,15204.01,15101.49,15164.04,15164.04,123600
"Jul 10 2014",15318.30,15326.78,15215.43,15216.47,15216.47,112900
"Jul 09 2014",15194.32,15302.65,15185.32,15302.65,15302.65,118300
"Jul 08 2014",15304.27,15389.89,15225.11,15314.41,15314.41,117700
"Jul 07 2014",15433.49,15477.77,15379.44,15379.44,15379.44,84000
"Jul 04 2014",15490.37,15490.37,15420.07,15437.13,15437.13,108800
"Jul 03 2014",15435.34,15435.34,15324.32,15348.29,15348.29,114200
"Jul 02 2014",15406.23,15444.63,15354.91,15369.97,15369.97,116800
"Jul 01 2014",15179.64,15389.08,15145.87,15326.20,15326.20,137500
"Jun 30 2014",15159.45,15177.87,15052.34,15162.10,15162.10,102000
"Jun 27 2014",15290.75,15293.82,15027.31,15095.00,15095.00,131000
"Jun 26 2014",15320.13,15345.12,15278.22,15308.49,15308.49,105400
"Jun 25 2014",15297.24,15347.88,15265.71,15266.61,15266.61,108400
"Jun 24 2014",15300.50,15424.57,15252.27,15376.24,15376.24,122700
"Jun 23 2014",15419.47,15442.67,15335.88,15369.28,15369.28,120000
"Jun 20 2014",15359.60,15422.06,15305.43,15349.42,15349.42,190000
"Jun 19 2014",15140.35,15375.38,15138.28,15361.16,15361.16,189900
"Jun 18 2014",15009.89,15139.99,14995.45,15115.80,15115.80,118600
"Jun 17 2014",14962.99,15026.96,14948.54,14975.97,14975.97,107400
"Jun 16 2014",15049.61,15056.75,14867.15,14933.29,14933.29,116000
"Jun 13 2014",14830.99,15121.64,14830.99,15097.84,15097.84,172200
"Jun 12 2014",14942.15,14992.96,14862.08,14973.53,14973.53,132400
"Jun 11 2014",15000.13,15075.72,14998.63,15069.48,15069.48,99500
"Jun 10 2014",15130.74,15184.77,14966.80,14994.80,14994.80,121300
"Jun 09 2014",15204.31,15206.57,15116.03,15124.00,15124.00,107300
"Jun 06 2014",15138.75,15144.34,15042.59,15077.24,15077.24,134800
"Jun 05 2014",15112.59,15141.14,15016.81,15079.37,15079.37,127900
"Jun 04 2014",15067.41,15071.78,14985.21,15067.96,15067.96,132000
"Jun 03 2014",15089.04,15091.49,15026.01,15034.25,15034.25,145900
"Jun 02 2014",14777.51,14963.91,14777.51,14935.92,14935.92,130600
"May 30 2014",14707.66,14741.10,14591.62,14632.38,14632.38,175300
"May 29 2014",14585.64,14714.95,14574.02,14681.72,14681.72,122000
"May 28 2014",14646.93,14717.29,14608.54,14670.95,14670.95,120100
"May 27 2014",14589.79,14744.16,14588.68,14636.52,14636.52,129400
"May 26 2014",14592.60,14602.52,14531.32,14602.52,14602.52,106900
"May 23 2014",14411.10,14528.04,14404.80,14462.17,14462.17,142400
"May 22 2014",14188.28,14369.02,14147.55,14337.79,14337.79,160300
"May 21 2014",13969.71,14054.24,13964.43,14042.17,14042.17,121700
"May 20 2014",14088.45,14144.04,14038.06,14075.25,14075.25,123100
"May 19 2014",14130.09,14150.50,13991.80,14006.44,14006.44,114000
"May 16 2014",14087.76,14108.44,14016.49,14096.59,14096.59,131300
"May 15 2014",14280.51,14306.36,14190.27,14298.21,14298.21,132600
"May 14 2014",14385.60,14419.65,14349.87,14405.76,14405.76,112700
"May 13 2014",14367.94,14464.01,14359.74,14425.44,14425.44,129900
"May 12 2014",14173.49,14234.49,14130.30,14149.52,14149.52,109200
"May 09 2014",14101.98,14266.29,14091.20,14199.59,14199.59,125300
"May 08 2014",14136.41,14254.44,14108.16,14163.78,14163.78,123000
"May 07 2014",14296.25,14299.13,14033.45,14033.45,14033.45,143200
"May 02 2014",14454.44,14473.75,14405.77,14457.51,14457.51,108600
"May 01 2014",14341.09,14493.03,14341.09,14485.13,14485.13,129200
"Apr 30 2014",14393.51,14421.22,14275.69,14304.11,14304.11,125100
"Apr 28 2014",14289.82,14324.03,14224.47,14288.23,14288.23,97400
"Apr 25 2014",14369.72,14554.32,14327.60,14429.26,14429.26,115000
"Apr 24 2014",14563.25,14563.25,14367.13,14404.99,14404.99,106300
"Apr 23 2014",14480.41,14546.27,14459.29,14546.27,14546.27,103200
"Apr 22 2014",14586.29,14604.30,14388.77,14388.77,14388.77,99300
"Apr 21 2014",14549.45,14649.50,14503.17,14512.38,14512.38,95300
"Apr 18 2014",14489.37,14536.67,14442.74,14516.27,14516.27,78200
"Apr 17 2014",14395.95,14500.66,14351.85,14417.53,14417.53,127900
"Apr 16 2014",14126.87,14420.30,14125.59,14417.68,14417.68,143600
"Apr 15 2014",14068.75,14096.86,13969.17,13996.81,13996.81,120800
"Apr 14 2014",13887.23,14008.29,13885.22,13910.16,13910.16,121000
"Apr 11 2014",14027.80,14065.97,13885.11,13960.05,13960.05,174700
"Apr 10 2014",14484.54,14513.14,14234.45,14300.12,14300.12,128900
"Apr 09 2014",14436.05,14502.02,14279.34,14299.69,14299.69,162500
"Apr 08 2014",14715.80,14740.10,14605.31,14606.88,14606.88,130400
"Apr 07 2014",14880.82,14895.58,14764.37,14808.85,14808.85,112800
"Apr 04 2014",15005.54,15098.38,15000.69,15063.77,15063.77,97100
"Apr 03 2014",15009.18,15164.39,14976.36,15071.88,15071.88,134400
"Apr 02 2014",14897.88,15069.61,14893.17,14946.32,14946.32,162400
"Apr 01 2014",14870.51,14870.51,14751.29,14791.99,14791.99,139200
"Mar 31 2014",14839.54,14843.67,14718.01,14827.83,14827.83,141600
"Mar 28 2014",14576.25,14713.45,14520.57,14696.03,14696.03,149300
"Mar 27 2014",14305.67,14659.85,14227.81,14622.89,14622.89,179000
"Mar 26 2014",14521.00,14569.90,14401.42,14477.16,14477.16,166600
"Mar 25 2014",14401.69,14531.79,14312.08,14423.19,14423.19,186000
"Mar 24 2014",14297.58,14514.28,14287.28,14475.30,14475.30,196200
"Mar 20 2014",14548.76,14548.76,14207.83,14224.23,14224.23,158700
"Mar 19 2014",14495.73,14663.54,14302.37,14462.52,14462.52,153600
"Mar 18 2014",14491.41,14533.25,14399.72,14411.27,14411.27,114000
"Mar 17 2014",14254.32,14359.16,14203.21,14277.67,14277.67,138000
"Mar 14 2014",14526.28,14539.60,14280.75,14327.66,14327.66,236100
"Mar 13 2014",14847.72,14919.84,14790.48,14815.98,14815.98,116200
"Mar 12 2014",15003.80,15020.14,14828.18,14830.39,14830.39,141300
"Mar 11 2014",15179.47,15256.03,15124.36,15224.11,15224.11,119100
"Mar 10 2014",15197.53,15266.12,15088.11,15120.14,15120.14,121100
"Mar 07 2014",15280.76,15312.60,15145.59,15274.07,15274.07,138500
"Mar 06 2014",14933.76,15203.12,14871.56,15134.75,15134.75,150000
"Mar 05 2014",14905.95,14992.19,14897.63,14897.63,14897.63,134000
"Mar 04 2014",14553.95,14750.09,14546.34,14721.48,14721.48,125600
"Mar 03 2014",14666.93,14684.70,14443.10,14652.23,14652.23,146900
"Feb 28 2014",14929.55,14943.65,14735.52,14841.07,14841.07,160500
"Feb 27 2014",14939.87,15015.01,14844.37,14923.11,14923.11,160300
"Feb 26 2014",14896.49,15084.53,14896.49,14970.97,14970.97,126600
"Feb 25 2014",15002.51,15094.54,14957.49,15051.60,15051.60,139500
"Feb 24 2014",14803.64,14982.53,14658.14,14837.68,14837.68,159500
"Feb 21 2014",14618.61,14888.81,14618.61,14865.67,14865.67,138700
"Feb 20 2014",14701.14,14731.48,14428.73,14449.18,14449.18,172000
"Feb 19 2014",14729.48,14805.66,14679.19,14766.53,14766.53,153900
"Feb 18 2014",14514.47,14900.24,14469.49,14843.24,14843.24,206500
"Feb 17 2014",14343.73,14427.95,14214.60,14393.11,14393.11,149000
"Feb 14 2014",14538.20,14678.71,14243.17,14313.03,14313.03,204200
"Feb 13 2014",14785.84,14787.62,14488.32,14534.74,14534.74,148400
"Feb 12 2014",14821.73,14874.79,14769.04,14800.06,14800.06,165100
"Feb 10 2014",14647.83,14725.92,14568.30,14718.34,14718.34,149800
"Feb 07 2014",14387.11,14471.95,14356.59,14462.41,14462.41,186100
"Feb 06 2014",14233.42,14308.07,14155.12,14155.12,14155.12,192900
"Feb 05 2014",14213.10,14245.06,13995.86,14180.38,14180.38,280200
"Feb 04 2014",14353.33,14355.92,14008.47,14008.47,14008.47,294300
"Feb 03 2014",14788.56,14846.93,14615.05,14619.13,14619.13,202800
"Jan 31 2014",15132.23,15143.88,14764.57,14914.53,14914.53,217400
"Jan 30 2014",15112.70,15112.70,14853.83,15007.06,15007.06,221200
"Jan 29 2014",15164.34,15383.91,15159.92,15383.91,15383.91,164800
"Jan 28 2014",15038.64,15088.12,14952.83,14980.16,14980.16,183100
"Jan 27 2014",15091.45,15109.68,14933.55,15005.73,15005.73,223900
"Jan 24 2014",15473.57,15485.02,15288.32,15391.56,15391.56,221000
"Jan 23 2014",15900.63,15958.58,15690.45,15695.89,15695.89,206900
"Jan 22 2014",15749.01,15870.53,15631.41,15820.96,15820.96,185300
"Jan 21 2014",15710.89,15894.68,15705.84,15795.96,15795.96,154300
"Jan 20 2014",15724.14,15727.26,15574.23,15641.68,15641.68,142200
"Jan 17 2014",15695.46,15783.37,15621.80,15734.46,15734.46,180100
"Jan 16 2014",15845.15,15941.08,15710.14,15747.20,15747.20,214200
"Jan 15 2014",15649.07,15808.73,15636.57,15808.73,15808.73,185800
"Jan 14 2014",15657.20,15661.71,15383.69,15422.40,15422.40,214500
"Jan 10 2014",15785.15,15922.14,15754.70,15912.06,15912.06,237500
"Jan 09 2014",16002.88,16004.56,15838.44,15880.33,15880.33,217400
"Jan 08 2014",15943.68,16121.45,15906.57,16121.45,16121.45,206700
"Jan 07 2014",15835.41,15935.37,15784.25,15814.37,15814.37,165900
"Jan 06 2014",16147.54,16164.01,15864.44,15908.88,15908.88,192700
"Dec 30 2013",16269.22,16320.22,16182.71,16291.31,16291.31,182100
"Dec 27 2013",16229.43,16232.69,16056.73,16178.94,16178.94,170600
"Dec 26 2013",16087.07,16186.04,16082.28,16174.44,16174.44,170200
"Dec 25 2013",15861.13,16010.54,15853.51,16009.99,16009.99,147400
"Dec 24 2013",15955.90,16029.65,15849.00,15889.33,15889.33,163000
"Dec 20 2013",15790.69,15870.42,15755.36,15870.42,15870.42,165000
"Dec 19 2013",15809.43,15891.82,15798.85,15859.22,15859.22,190300
"Dec 18 2013",15273.24,15588.42,15268.18,15587.80,15587.80,175200
"Dec 17 2013",15290.22,15322.13,15248.42,15278.63,15278.63,120400
"Dec 16 2013",15408.35,15408.35,15146.13,15152.91,15152.91,139600
"Dec 13 2013",15316.89,15532.94,15251.45,15403.11,15403.11,246200
"Dec 12 2013",15377.32,15392.66,15255.36,15341.82,15341.82,132300
"Dec 11 2013",15509.93,15562.30,15386.11,15515.06,15515.06,129200
"Dec 10 2013",15633.97,15633.97,15562.06,15611.31,15611.31,127200
"Dec 09 2013",15556.60,15650.21,15547.29,15650.21,15650.21,136900
"Dec 06 2013",15112.54,15327.37,15112.54,15299.86,15299.86,135300
"Dec 05 2013",15354.53,15430.20,15139.12,15177.49,15177.49,150700
"Dec 04 2013",15520.20,15579.36,15326.06,15407.94,15407.94,159000
"Dec 03 2013",15747.54,15794.15,15661.90,15749.66,15749.66,167200
"Dec 02 2013",15659.74,15703.02,15579.54,15655.07,15655.07,143200
"Nov 29 2013",15661.43,15727.96,15507.17,15661.87,15661.87,158300
"Nov 28 2013",15622.19,15729.09,15605.73,15727.12,15727.12,154000
"Nov 27 2013",15414.52,15512.76,15414.52,15449.63,15449.63,144700
"Nov 26 2013",15501.95,15577.97,15460.97,15515.24,15515.24,156700
"Nov 25 2013",15504.78,15619.13,15469.87,15619.13,15619.13,176400
"Nov 22 2013",15513.45,15579.39,15307.44,15381.72,15381.72,211300
"Nov 21 2013",15176.65,15377.00,15168.47,15365.60,15365.60,168200
"Nov 20 2013",15176.35,15209.67,15069.98,15076.08,15076.08,142500
"Nov 19 2013",15096.63,15163.06,15020.33,15126.56,15126.56,130200
"Nov 18 2013",15253.24,15273.61,15106.82,15164.30,15164.30,180100
"Nov 15 2013",15034.33,15203.11,14994.70,15165.92,15165.92,212600
"Nov 14 2013",14665.75,14966.43,14665.75,14876.41,14876.41,190100
"Nov 13 2013",14527.97,14599.53,14490.92,14567.16,14567.16,170200
"Nov 12 2013",14289.87,14588.68,14278.21,14588.68,14588.68,157600
"Nov 11 2013",14271.48,14304.29,14208.13,14269.84,14269.84,113500
"Nov 08 2013",14026.17,14122.28,14026.17,14086.80,14086.80,117800
"Nov 07 2013",14355.56,14371.56,14222.03,14228.44,14228.44,111600
"Nov 06 2013",14155.34,14407.69,14130.86,14337.31,14337.31,142200
"Nov 05 2013",14319.75,14323.24,14141.82,14225.37,14225.37,167100
"Nov 01 2013",14403.07,14411.05,14126.41,14201.57,14201.57,170800
"Oct 31 2013",14474.01,14516.08,14324.17,14327.94,14327.94,158400
"Oct 30 2013",14464.67,14526.88,14425.58,14502.35,14502.35,156800
"Oct 29 2013",14288.72,14395.96,14224.59,14325.98,14325.98,135600
"Oct 28 2013",14261.65,14400.32,14194.42,14396.04,14396.04,109500
"Oct 25 2013",14439.14,14442.12,14088.19,14088.19,14088.19,139000
"Oct 24 2013",14344.74,14499.52,14273.71,14486.41,14486.41,144900
"Oct 23 2013",14784.41,14799.28,14426.05,14426.05,14426.05,153500
"Oct 22 2013",14677.08,14747.77,14641.78,14713.25,14713.25,99200
"Oct 21 2013",14624.03,14727.85,14624.03,14693.57,14693.57,99100
"Oct 18 2013",14589.60,14610.09,14503.09,14561.54,14561.54,120100
"Oct 17 2013",14640.08,14664.22,14492.67,14586.51,14586.51,135600
"Oct 16 2013",14433.64,14493.67,14417.61,14467.14,14467.14,116200
"Oct 15 2013",14510.27,14510.37,14415.76,14441.54,14441.54,125600
"Oct 11 2013",14376.89,14447.87,14320.30,14404.74,14404.74,169900
"Oct 10 2013",14097.62,14200.31,14077.03,14194.71,14194.71,143200
"Oct 09 2013",13789.89,14037.84,13751.85,14037.84,14037.84,162100
"Oct 08 2013",13794.74,13929.64,13748.94,13894.61,13894.61,163700
"Oct 07 2013",14057.79,14073.23,13841.93,13853.32,13853.32,146100
"Oct 04 2013",14029.73,14149.77,13944.27,14024.31,14024.31,145300
"Oct 03 2013",14140.11,14219.89,14082.31,14157.25,14157.25,145300
"Oct 02 2013",14492.47,14569.20,14114.54,14170.49,14170.49,173500
"Oct 01 2013",14517.98,14642.97,14471.70,14484.72,14484.72,153000
"Sep 30 2013",14530.62,14619.24,14425.82,14455.80,14455.80,157300
"Sep 27 2013",14803.99,14817.50,14699.21,14760.07,14760.07,162100
"Sep 26 2013",14553.06,14799.12,14410.52,14799.12,14799.12,156600
"Sep 25 2013",14713.03,14737.98,14620.53,14620.53,14620.53,151000
"Sep 24 2013",14626.04,14767.72,14607.27,14732.61,14732.61,114900
"Sep 20 2013",14801.64,14816.65,14702.25,14742.42,14742.42,162500
"Sep 19 2013",14680.40,14766.18,14581.79,14766.18,14766.18,174600
"Sep 18 2013",14411.55,14625.97,14396.41,14505.36,14505.36,155900
"Sep 17 2013",14456.99,14474.53,14311.67,14311.67,14311.67,121300
"Sep 13 2013",14316.70,14439.93,14233.12,14404.67,14404.67,180700
"Sep 12 2013",14397.90,14455.37,14321.57,14387.27,14387.27,118400
"Sep 11 2013",14511.74,14561.46,14422.72,14425.07,14425.07,170000
"Sep 10 2013",14318.72,14441.81,14296.78,14423.36,14423.36,209900
"Sep 09 2013",14141.67,14251.46,14117.68,14205.23,14205.23,173500
"Sep 06 2013",14088.41,14099.13,13834.52,13860.81,13860.81,139900
"Sep 05 2013",14140.20,14156.50,13981.52,14064.82,14064.82,146600
"Sep 04 2013",13875.17,14056.88,13843.61,14053.87,14053.87,138400
"Sep 03 2013",13748.68,13978.44,13748.68,13978.44,13978.44,162400
"Sep 02 2013",13438.07,13613.48,13407.53,13572.92,13572.92,112600
"Aug 30 2013",13573.24,13615.98,13335.91,13388.86,13388.86,156700
"Aug 29 2013",13382.95,13463.14,13364.82,13459.71,13459.71,121400
"Aug 28 2013",13285.03,13392.57,13188.14,13338.46,13338.46,132800
"Aug 27 2013",13551.75,13678.79,13517.10,13542.37,13542.37,116800
"Aug 26 2013",13719.56,13741.49,13586.84,13636.28,13636.28,104100
"Aug 23 2013",13583.76,13774.66,13575.40,13660.55,13660.55,164200
"Aug 22 2013",13314.05,13447.33,13238.73,13365.17,13365.17,133200
"Aug 21 2013",13431.28,13499.99,13250.36,13424.33,13424.33,148300
"Aug 20 2013",13632.96,13730.09,13383.18,13396.38,13396.38,138000
"Aug 19 2013",13669.74,13758.13,13589.78,13758.13,13758.13,96900
"Aug 16 2013",13532.61,13739.52,13532.61,13650.11,13650.11,129600
"Aug 15 2013",13845.64,13981.16,13711.12,13752.94,13752.94,137800
"Aug 14 2013",13936.74,14050.16,13747.18,14050.16,14050.16,152600
"Aug 13 2013",13696.36,13867.00,13689.49,13867.00,13867.00,126100
"Aug 12 2013",13469.70,13658.86,13430.64,13519.43,13519.43,117700
"Aug 09 2013",13673.49,13754.96,13527.81,13615.19,13615.19,159100
"Aug 08 2013",13779.47,14031.14,13556.65,13605.56,13605.56,167700
"Aug 07 2013",14155.95,14164.70,13824.94,13824.94,13824.94,178500
"Aug 06 2013",14237.10,14401.06,14031.61,14401.06,14401.06,154000
"Aug 05 2013",14318.21,14370.98,14225.50,14258.04,14258.04,134100
"Aug 02 2013",14178.66,14466.16,14146.92,14466.16,14466.16,193500
"Aug 01 2013",13674.50,14005.77,13645.61,14005.77,14005.77,195700
"Jul 31 2013",13733.55,13836.03,13644.21,13668.32,13668.32,186500
"Jul 30 2013",13634.20,13909.45,13613.78,13869.82,13869.82,183400
"Jul 29 2013",13899.27,13953.85,13661.13,13661.13,13661.13,184700
"Jul 26 2013",14339.39,14376.01,14114.52,14129.98,14129.98,196100
"Jul 25 2013",14747.21,14748.77,14533.21,14562.93,14562.93,158200
"Jul 24 2013",14719.64,14751.87,14630.68,14731.28,14731.28,143000
"Jul 23 2013",14555.36,14820.18,14549.06,14778.51,14778.51,163100
"Jul 22 2013",14770.02,14770.02,14514.29,14658.04,14658.04,177500
"Jul 19 2013",14909.76,14953.29,14413.28,14589.91,14589.91,269400
"Jul 18 2013",14645.25,14827.73,14645.25,14808.50,14808.50,191300
"Jul 17 2013",14491.80,14615.04,14460.56,14615.04,14615.04,247700
"Jul 16 2013",14594.88,14638.80,14550.89,14599.12,14599.12,186100
"Jul 12 2013",14475.17,14574.17,14417.30,14506.25,14506.25,184900
"Jul 11 2013",14275.26,14496.67,14275.26,14472.58,14472.58,167500
"Jul 10 2013",14464.82,14555.33,14287.69,14416.60,14416.60,178200
"Jul 09 2013",14295.44,14472.90,14186.03,14472.90,14472.90,197600
"Jul 08 2013",14491.07,14497.65,14109.34,14109.34,14109.34,220500
"Jul 05 2013",14150.85,14309.97,14149.50,14309.97,14309.97,179400
"Jul 04 2013",13970.27,14093.02,13962.30,14018.93,14018.93,143600
"Jul 03 2013",14149.99,14164.77,13984.08,14055.56,14055.56,200600
"Jul 02 2013",13969.15,14098.74,13898.54,14098.74,14098.74,214100
"Jul 01 2013",13746.72,13862.71,13562.70,13852.50,13852.50,172300
"Jun 28 2013",13383.92,13724.44,13354.70,13677.32,13677.32,234400
"Jun 27 2013",12968.72,13213.55,12873.50,13213.55,13213.55,182400
"Jun 26 2013",13152.75,13189.84,12826.51,12834.01,12834.01,173400
"Jun 25 2013",13081.62,13234.89,12758.22,12969.34,12969.34,199200
"Jun 24 2013",13417.54,13426.13,13026.23,13062.78,13062.78,162500
"Jun 21 2013",12787.87,13330.35,12702.67,13230.13,13230.13,241000
"Jun 20 2013",13101.85,13190.82,12966.41,13014.58,13014.58,200700
"Jun 19 2013",13233.08,13296.62,13107.65,13245.22,13245.22,201900
"Jun 18 2013",13015.15,13139.48,12919.03,13007.28,13007.28,158700
"Jun 17 2013",12584.37,13033.12,12549.82,13033.12,13033.12,171900
"Jun 14 2013",12668.90,12900.65,12629.31,12686.52,12686.52,278200
"Jun 13 2013",13038.02,13050.11,12415.85,12445.38,12445.38,240900
"Jun 12 2013",13087.66,13332.72,12994.08,13289.32,13289.32,205500
"Jun 11 2013",13504.77,13584.31,13296.31,13317.62,13317.62,260200
"Jun 10 2013",13141.85,13514.20,13141.37,13514.20,13514.20,241400
"Jun 07 2013",12706.41,13106.20,12548.20,12877.53,12877.53,324500
"Jun 06 2013",12925.29,13238.53,12862.02,12904.02,12904.02,314000
"Jun 05 2013",13566.75,13711.42,13011.16,13014.87,13014.87,303700
"Jun 04 2013",13186.60,13610.25,13060.94,13533.76,13533.76,378300
"Jun 03 2013",13551.36,13562.87,13261.82,13261.82,13261.82,282300
"May 31 2013",13804.23,13916.56,13681.39,13774.54,13774.54,280500
"May 30 2013",14072.90,14098.16,13555.66,13589.03,13589.03,321600
"May 29 2013",14492.55,14512.28,14243.49,14326.46,14326.46,297000
"May 28 2013",13943.62,14399.78,13943.62,14311.98,14311.98,336300
"May 27 2013",14373.82,14381.28,14027.42,14142.65,14142.65,307400
"May 24 2013",14731.75,15007.50,13981.52,14612.45,14612.45,461200
"May 23 2013",15739.98,15942.60,14483.98,14483.98,14483.98,595200
"May 22 2013",15440.69,15706.63,15432.64,15627.26,15627.26,476800
"May 21 2013",15264.79,15388.37,15264.42,15381.02,15381.02,514100
"May 20 2013",15260.61,15381.74,15245.80,15360.81,15360.81,368100
"May 17 2013",14926.42,15157.32,14902.30,15138.12,15138.12,314500
"May 16 2013",15146.05,15155.72,14879.51,15037.24,15037.24,375100
"May 15 2013",14962.34,15108.83,14956.38,15096.03,15096.03,435000
"May 14 2013",14822.56,14839.79,14755.08,14758.42,14758.42,304700
"May 13 2013",14759.50,14849.01,14727.70,14782.21,14782.21,387200
"May 10 2013",14449.24,14636.81,14426.74,14607.54,14607.54,312500
"May 09 2013",14366.95,14409.82,14191.48,14191.48,14191.48,268300
"May 08 2013",14196.20,14421.38,14186.83,14285.69,14285.69,252600
"May 07 2013",13960.04,14196.38,13951.81,14180.24,14180.24,217200
"May 02 2013",13727.25,13780.48,13637.96,13694.04,13694.04,179900
"May 01 2013",13837.72,13844.82,13782.00,13799.35,13799.35,185400
"Apr 30 2013",13854.82,13897.06,13778.75,13860.86,13860.86,237500
"Apr 26 2013",13978.98,13983.87,13852.20,13884.13,13884.13,248300
"Apr 25 2013",13887.53,13974.26,13827.96,13926.08,13926.08,294500
"Apr 24 2013",13687.28,13843.46,13686.78,13843.46,13843.46,307400
"Apr 23 2013",13545.60,13585.35,13505.53,13529.65,13529.65,240200
"Apr 22 2013",13537.17,13611.58,13529.44,13568.37,13568.37,246200
"Apr 19 2013",13268.43,13338.75,13186.89,13316.48,13316.48,236000
"Apr 18 2013",13272.22,13377.74,13200.85,13220.07,13220.07,305000
"Apr 17 2013",13330.50,13397.50,13318.69,13382.89,13382.89,277400